,network,campaign,country_code,install,cost,rev_14,event_date,rev_30
0,adwords,4w_MTD_V1_Adjust_PHI_230622 (17556219990),Argentina,2,0.0,0.017099999999999997,2,0.017099999999999997
1,adwords,4w_MTD_V1_Adjust_PHI_230622 (17556219990),Australia,1,0.0,0.0191,1,0.0191
2,adwords,4w_MTD_V1_Adjust_PHI_230622 (17556219990),Brazil,3477,139.2506,108.54129999999999,28,114.9841
3,adwords,4w_MTD_V1_Adjust_PHI_230622 (17556219990),Canada,1,0.0,0.1383,1,0.1383
4,adwords,4w_MTD_V1_Adjust_PHI_230622 (17556219990),France,1,0.0,0.0005,1,0.0005
5,adwords,4w_MTD_V1_Adjust_PHI_230622 (17556219990),Germany,1,0.0,0.5475,1,0.5502
6,adwords,4w_MTD_V1_Adjust_PHI_230622 (17556219990),Guatemala,1,0.0,0.06,1,0.06
7,adwords,4w_MTD_V1_Adjust_PHI_230622 (17556219990),India,2,0.0,0.1794,2,0.201
8,adwords,4w_MTD_V1_Adjust_PHI_230622 (17556219990),Indonesia,3459,133.78669999999997,86.82109999999999,31,91.8228
9,adwords,4w_MTD_V1_Adjust_PHI_230622 (17556219990),Jordan,1,0.0,0.0,1,0.0
10,adwords,4w_MTD_V1_Adjust_PHI_230622 (17556219990),Malaysia,1418,45.6326,83.8054,26,90.73240000000001
11,adwords,4w_MTD_V1_Adjust_PHI_230622 (17556219990),Mexico,2589,104.03969999999998,81.82219999999997,28,86.69779999999999
12,adwords,4w_MTD_V1_Adjust_PHI_230622 (17556219990),Myanmar,1,0.0,0.0,1,0.0
13,adwords,4w_MTD_V1_Adjust_PHI_230622 (17556219990),Philippines,11281,443.8826,357.5016999999999,39,374.69410000000005
14,adwords,4w_MTD_V1_Adjust_PHI_230622 (17556219990),Portugal,33,1.0066,0.8167000000000001,13,1.0872000000000002
15,adwords,4w_MTD_V1_Adjust_PHI_230622 (17556219990),Singapore,6,0.0,0.1678,4,0.19
16,adwords,4w_MTD_V1_Adjust_PHI_230622 (17556219990),Spain,1,0.0,0.0162,1,0.0162
17,adwords,4w_MTD_V1_Adjust_PHI_230622 (17556219990),Ukraine,2,0.0,0.0068000000000000005,2,0.0068000000000000005
18,adwords,4w_MTD_V1_Adjust_PHI_230622 (17556219990),United States,14,0.0,2.1221,9,2.1221
19,adwords,4w_MTD_V1_DK UK SWI_ ADjust_240522 (17321325051),Algeria,1,0.0,0.0271,1,0.0276
20,adwords,4w_MTD_V1_DK UK SWI_ ADjust_240522 (17321325051),Australia,1,0.0,0.2622,1,0.2622
21,adwords,4w_MTD_V1_DK UK SWI_ ADjust_240522 (17321325051),Austria,1,0.0,0.1855,1,0.1855
22,adwords,4w_MTD_V1_DK UK SWI_ ADjust_240522 (17321325051),Bangladesh,9,0.0,0.0298,9,0.036000000000000004
23,adwords,4w_MTD_V1_DK UK SWI_ ADjust_240522 (17321325051),Brazil,1,0.0,0.0017,1,0.0017
24,adwords,4w_MTD_V1_DK UK SWI_ ADjust_240522 (17321325051),Canada,1,0.0,0.1987,1,0.1987
25,adwords,4w_MTD_V1_DK UK SWI_ ADjust_240522 (17321325051),China,2,0.0,0.0018,2,0.0018
26,adwords,4w_MTD_V1_DK UK SWI_ ADjust_240522 (17321325051),Croatia,1,0.0,0.0,1,0.0
27,adwords,4w_MTD_V1_DK UK SWI_ ADjust_240522 (17321325051),Cyprus,1,0.0,0.3575,1,0.3575
28,adwords,4w_MTD_V1_DK UK SWI_ ADjust_240522 (17321325051),Denmark,359,79.7982,55.308999999999976,69,59.01359999999998
29,adwords,4w_MTD_V1_DK UK SWI_ ADjust_240522 (17321325051),France,8,0.0,0.6304,7,0.6707
30,adwords,4w_MTD_V1_DK UK SWI_ ADjust_240522 (17321325051),Germany,5,0.0,0.5573,5,0.5573
31,adwords,4w_MTD_V1_DK UK SWI_ ADjust_240522 (17321325051),India,8,0.0,0.3657,8,0.40020000000000006
32,adwords,4w_MTD_V1_DK UK SWI_ ADjust_240522 (17321325051),Indonesia,14,0.0,0.266,12,0.2753
33,adwords,4w_MTD_V1_DK UK SWI_ ADjust_240522 (17321325051),"Iran, Islamic Republic Of",31,0.0,0.2376,28,0.276
34,adwords,4w_MTD_V1_DK UK SWI_ ADjust_240522 (17321325051),Iraq,2,0.0,0.0118,2,0.0118
35,adwords,4w_MTD_V1_DK UK SWI_ ADjust_240522 (17321325051),Ireland,1,0.0,0.3418,1,0.3418
36,adwords,4w_MTD_V1_DK UK SWI_ ADjust_240522 (17321325051),Isle Of Man,1,0.0,0.443,1,0.443
37,adwords,4w_MTD_V1_DK UK SWI_ ADjust_240522 (17321325051),Israel,1,0.0,0.1132,1,0.1132
38,adwords,4w_MTD_V1_DK UK SWI_ ADjust_240522 (17321325051),Italy,3,0.0,0.0526,3,0.0526
39,adwords,4w_MTD_V1_DK UK SWI_ ADjust_240522 (17321325051),Japan,4,0.0,0.8236,4,0.8236
40,adwords,4w_MTD_V1_DK UK SWI_ ADjust_240522 (17321325051),Jordan,1,0.0,0.0355,1,0.0355
41,adwords,4w_MTD_V1_DK UK SWI_ ADjust_240522 (17321325051),Liechtenstein,1,0.0,0.4945,1,0.4945
42,adwords,4w_MTD_V1_DK UK SWI_ ADjust_240522 (17321325051),Malaysia,11,0.0,0.8224,11,0.8604
43,adwords,4w_MTD_V1_DK UK SWI_ ADjust_240522 (17321325051),Moldova,1,0.0,0.0071,1,0.0071
44,adwords,4w_MTD_V1_DK UK SWI_ ADjust_240522 (17321325051),Morocco,2,0.0,0.034,2,0.034
45,adwords,4w_MTD_V1_DK UK SWI_ ADjust_240522 (17321325051),Myanmar,28,0.0,0.21530000000000002,23,0.2202
46,adwords,4w_MTD_V1_DK UK SWI_ ADjust_240522 (17321325051),Nepal,1,0.0,0.0018,1,0.0018
47,adwords,4w_MTD_V1_DK UK SWI_ ADjust_240522 (17321325051),Netherlands,4,0.0,0.504,4,0.5107
48,adwords,4w_MTD_V1_DK UK SWI_ ADjust_240522 (17321325051),Oman,4,0.0,0.1342,4,0.1995
49,adwords,4w_MTD_V1_DK UK SWI_ ADjust_240522 (17321325051),Pakistan,1,0.0,0.0079,1,0.0079
50,adwords,4w_MTD_V1_DK UK SWI_ ADjust_240522 (17321325051),Philippines,3,0.0,0.5737,2,0.5737
51,adwords,4w_MTD_V1_DK UK SWI_ ADjust_240522 (17321325051),Poland,1,0.0,0.0459,1,0.0459
52,adwords,4w_MTD_V1_DK UK SWI_ ADjust_240522 (17321325051),Russia,7,0.0,0.6913,6,0.6913
53,adwords,4w_MTD_V1_DK UK SWI_ ADjust_240522 (17321325051),Saudi Arabia,1,0.0,0.0646,1,0.0646
54,adwords,4w_MTD_V1_DK UK SWI_ ADjust_240522 (17321325051),Singapore,703,151.7907,132.0291,59,147.32600000000005
55,adwords,4w_MTD_V1_DK UK SWI_ ADjust_240522 (17321325051),Spain,1,0.0,0.0055,1,0.0055
56,adwords,4w_MTD_V1_DK UK SWI_ ADjust_240522 (17321325051),Switzerland,210,50.24410000000001,45.026099999999985,69,49.488899999999994
57,adwords,4w_MTD_V1_DK UK SWI_ ADjust_240522 (17321325051),Syrian Arab Republic,3,0.0,0.0076,3,0.0076
58,adwords,4w_MTD_V1_DK UK SWI_ ADjust_240522 (17321325051),Thailand,2,0.0,0.1229,2,0.1229
59,adwords,4w_MTD_V1_DK UK SWI_ ADjust_240522 (17321325051),Turkey,17,0.0,0.3188,15,0.3188
60,adwords,4w_MTD_V1_DK UK SWI_ ADjust_240522 (17321325051),Ukraine,1,0.0,0.0,1,0.0
61,adwords,4w_MTD_V1_DK UK SWI_ ADjust_240522 (17321325051),United Arab Emirates,3,0.0,0.2046,3,0.2046
62,adwords,4w_MTD_V1_DK UK SWI_ ADjust_240522 (17321325051),United Kingdom,1493,343.3994,296.2709,69,327.09270000000004
63,adwords,4w_MTD_V1_DK UK SWI_ ADjust_240522 (17321325051),United States,14,0.0,1.6408999999999998,13,1.7071999999999998
64,adwords,4w_MTD_V1_DK UK SWI_ ADjust_240522 (17321325051),Uzbekistan,3,0.0,0.0173,3,0.0173
65,adwords,4w_MTD_V1_DK UK SWI_ ADjust_240522 (17321325051),Viet Nam,1,0.0,0.0125,1,0.0125
66,adwords,4w_MTD_V1_FR DE SWE AT UK SING_240521 (17332961165),Algeria,1,0.0,0.0164,1,0.0164
67,adwords,4w_MTD_V1_FR DE SWE AT UK SING_240521 (17332961165),Austria,318,53.21689999999999,44.97259999999999,69,48.3781
68,adwords,4w_MTD_V1_FR DE SWE AT UK SING_240521 (17332961165),Bahrain,1,0.0,0.1526,1,0.168
69,adwords,4w_MTD_V1_FR DE SWE AT UK SING_240521 (17332961165),Bangladesh,1,0.0,0.0073,1,0.0073
70,adwords,4w_MTD_V1_FR DE SWE AT UK SING_240521 (17332961165),Belgium,2,0.0,0.0093,2,0.0093
71,adwords,4w_MTD_V1_FR DE SWE AT UK SING_240521 (17332961165),Canada,6,0.0,2.3185000000000002,5,2.3736
72,adwords,4w_MTD_V1_FR DE SWE AT UK SING_240521 (17332961165),China,1,0.0,0.0,1,0.0
73,adwords,4w_MTD_V1_FR DE SWE AT UK SING_240521 (17332961165),Croatia,3,0.0,0.023,3,0.023
74,adwords,4w_MTD_V1_FR DE SWE AT UK SING_240521 (17332961165),Czech Republic,3,0.0,0.3631,3,0.3631
75,adwords,4w_MTD_V1_FR DE SWE AT UK SING_240521 (17332961165),Estonia,1,0.0,0.0089,1,0.0089
76,adwords,4w_MTD_V1_FR DE SWE AT UK SING_240521 (17332961165),Finland,1,0.0,0.1203,1,0.1203
77,adwords,4w_MTD_V1_FR DE SWE AT UK SING_240521 (17332961165),France,2636,475.1141999999999,305.63370000000003,69,332.8487
78,adwords,4w_MTD_V1_FR DE SWE AT UK SING_240521 (17332961165),Germany,1692,317.64639999999997,259.2819999999999,69,278.0563
79,adwords,4w_MTD_V1_FR DE SWE AT UK SING_240521 (17332961165),Hungary,1,0.0,0.0317,1,0.0317
80,adwords,4w_MTD_V1_FR DE SWE AT UK SING_240521 (17332961165),India,4,0.0,0.0826,3,0.0826
81,adwords,4w_MTD_V1_FR DE SWE AT UK SING_240521 (17332961165),"Iran, Islamic Republic Of",48,0.0,0.28190000000000004,36,0.45720000000000005
82,adwords,4w_MTD_V1_FR DE SWE AT UK SING_240521 (17332961165),Iraq,11,0.0,0.038299999999999994,9,0.038299999999999994
83,adwords,4w_MTD_V1_FR DE SWE AT UK SING_240521 (17332961165),Italy,1,0.0,0.2027,1,0.2077
84,adwords,4w_MTD_V1_FR DE SWE AT UK SING_240521 (17332961165),Japan,1,0.0,0.1887,1,0.1887
85,adwords,4w_MTD_V1_FR DE SWE AT UK SING_240521 (17332961165),Jordan,4,0.0,0.0095,4,0.0095
86,adwords,4w_MTD_V1_FR DE SWE AT UK SING_240521 (17332961165),Kazakhstan,1,0.0,0.0028,1,0.0029
87,adwords,4w_MTD_V1_FR DE SWE AT UK SING_240521 (17332961165),Kyrgyzstan,1,0.0,0.0464,1,0.0464
88,adwords,4w_MTD_V1_FR DE SWE AT UK SING_240521 (17332961165),Lithuania,1,0.0,0.0112,1,0.0112
89,adwords,4w_MTD_V1_FR DE SWE AT UK SING_240521 (17332961165),Luxembourg,1,0.0,0.1497,1,0.1497
90,adwords,4w_MTD_V1_FR DE SWE AT UK SING_240521 (17332961165),Moldova,1,0.0,0.0136,1,0.0136
91,adwords,4w_MTD_V1_FR DE SWE AT UK SING_240521 (17332961165),Monaco,1,0.0,0.0079,1,0.0079
92,adwords,4w_MTD_V1_FR DE SWE AT UK SING_240521 (17332961165),Mongolia,1,0.0,0.0068,1,0.0068
93,adwords,4w_MTD_V1_FR DE SWE AT UK SING_240521 (17332961165),Morocco,1,0.0,0.0006,1,0.0006
94,adwords,4w_MTD_V1_FR DE SWE AT UK SING_240521 (17332961165),Myanmar,9,0.0,0.1336,9,0.1336
95,adwords,4w_MTD_V1_FR DE SWE AT UK SING_240521 (17332961165),Nepal,1,0.0,0.0055,1,0.0055
96,adwords,4w_MTD_V1_FR DE SWE AT UK SING_240521 (17332961165),Netherlands,4,0.0,0.043000000000000003,4,0.043000000000000003
97,adwords,4w_MTD_V1_FR DE SWE AT UK SING_240521 (17332961165),Oman,1,0.0,0.0082,1,0.0119
98,adwords,4w_MTD_V1_FR DE SWE AT UK SING_240521 (17332961165),Pakistan,1,0.0,0.0098,1,0.0098
99,adwords,4w_MTD_V1_FR DE SWE AT UK SING_240521 (17332961165),Poland,5,0.0,0.0839,4,0.0839
100,adwords,4w_MTD_V1_FR DE SWE AT UK SING_240521 (17332961165),Romania,1,0.0,0.0025,1,0.0028
101,adwords,4w_MTD_V1_FR DE SWE AT UK SING_240521 (17332961165),Russia,7,0.0,0.8261,7,0.8279
102,adwords,4w_MTD_V1_FR DE SWE AT UK SING_240521 (17332961165),Saudi Arabia,2,0.0,0.0478,2,0.0478
103,adwords,4w_MTD_V1_FR DE SWE AT UK SING_240521 (17332961165),Singapore,2,0.0,0.0171,2,0.0171
104,adwords,4w_MTD_V1_FR DE SWE AT UK SING_240521 (17332961165),Slovenia,4,0.0,0.132,4,0.1353
105,adwords,4w_MTD_V1_FR DE SWE AT UK SING_240521 (17332961165),South Africa,2,0.0,0.0713,2,0.0713
106,adwords,4w_MTD_V1_FR DE SWE AT UK SING_240521 (17332961165),Spain,2,0.0,0.0591,2,0.0591
107,adwords,4w_MTD_V1_FR DE SWE AT UK SING_240521 (17332961165),Sweden,337,56.0591,44.17900000000001,69,47.25060000000001
108,adwords,4w_MTD_V1_FR DE SWE AT UK SING_240521 (17332961165),Syrian Arab Republic,88,0.0,0.1747,46,0.1747
109,adwords,4w_MTD_V1_FR DE SWE AT UK SING_240521 (17332961165),Turkey,27,0.0,1.1945999999999999,21,1.1945999999999999
110,adwords,4w_MTD_V1_FR DE SWE AT UK SING_240521 (17332961165),Ukraine,2,0.0,0.18209999999999998,2,0.1928
111,adwords,4w_MTD_V1_FR DE SWE AT UK SING_240521 (17332961165),United Arab Emirates,1,0.0,0.0384,1,0.0384
112,adwords,4w_MTD_V1_FR DE SWE AT UK SING_240521 (17332961165),United Kingdom,11,0.0,1.5715000000000001,9,1.5715000000000001
113,adwords,4w_MTD_V1_FR DE SWE AT UK SING_240521 (17332961165),United States,16,0.0,0.9694,15,0.9694
114,adwords,4w_MTD_V1_FR DE SWE AT UK SING_240521 (17332961165),Uzbekistan,3,0.0,0.0763,3,0.0763
115,adwords,4w_MTD_V1_FR DE SWE AT UK SING_240521 (17332961165),Yemen,1,0.0,0.0043,1,0.0043
116,adwords,4w_MTD_V1_JP_GP_250222 (17321357481),China,2,0.0,0.0024,2,0.0024
117,adwords,4w_MTD_V1_JP_GP_250222 (17321357481),India,1,0.0,0.0059,1,0.0059
118,adwords,4w_MTD_V1_JP_GP_250222 (17321357481),Indonesia,1,0.0,0.1054,1,0.1054
119,adwords,4w_MTD_V1_JP_GP_250222 (17321357481),"Iran, Islamic Republic Of",3,0.0,0.1441,3,0.1441
120,adwords,4w_MTD_V1_JP_GP_250222 (17321357481),Japan,1166,571.5964999999999,509.45369999999997,43,549.0435000000001
121,adwords,4w_MTD_V1_JP_GP_250222 (17321357481),Myanmar,2,0.0,0.032299999999999995,2,0.032299999999999995
122,adwords,4w_MTD_V1_JP_GP_250222 (17321357481),Peru,1,0.0,0.0459,1,0.0523
123,adwords,4w_MTD_V1_JP_GP_250222 (17321357481),Russia,1,0.0,0.0265,1,0.0265
124,adwords,4w_MTD_V1_JP_GP_250222 (17321357481),Singapore,1,0.0,0.102,1,0.1512
125,adwords,4w_MTD_V1_JP_GP_250222 (17321357481),Turkey,1,0.0,0.0135,1,0.0135
126,adwords,4w_MTD_V1_KR HK_ 240522 (17333047898),Hong Kong,39,16.2192,13.334700000000002,11,14.3768
127,adwords,4w_MTD_V1_KR HK_ 240522 (17333047898),South Korea,26,11.9616,5.1273,3,6.459200000000001
128,adwords,4w_MTD_V1_PERU_240522 (17333076848),Ecuador,1,0.0,0.005,1,0.005
129,adwords,4w_MTD_V1_PERU_240522 (17333076848),Peru,4372,127.29470000000005,91.39990000000003,69,100.19460000000001
130,adwords,4w_MTD_V1_PERU_240522 (17333076848),United States,1,0.0,0.2041,1,0.2041
131,adwords,4w_MTD_V1_Poland_GP_121121 (15244499402),Belgium,1,0.0,0.0,1,0.0
132,adwords,4w_MTD_V1_Poland_GP_121121 (15244499402),Brazil,2,0.0,0.057800000000000004,2,0.057800000000000004
133,adwords,4w_MTD_V1_Poland_GP_121121 (15244499402),Croatia,1,0.0,0.0,1,0.0
134,adwords,4w_MTD_V1_Poland_GP_121121 (15244499402),Cyprus,1,0.0,0.0163,1,0.0163
135,adwords,4w_MTD_V1_Poland_GP_121121 (15244499402),Czech Republic,2,0.0,0.0998,2,0.1084
136,adwords,4w_MTD_V1_Poland_GP_121121 (15244499402),Egypt,1,0.0,0.0041,1,0.0041
137,adwords,4w_MTD_V1_Poland_GP_121121 (15244499402),France,3,0.0,0.0671,3,0.0671
138,adwords,4w_MTD_V1_Poland_GP_121121 (15244499402),Germany,8,0.0,0.8453,8,1.0292000000000001
139,adwords,4w_MTD_V1_Poland_GP_121121 (15244499402),Gibraltar,1,0.0,0.0349,1,0.0349
140,adwords,4w_MTD_V1_Poland_GP_121121 (15244499402),Israel,1,0.0,0.0218,1,0.0218
141,adwords,4w_MTD_V1_Poland_GP_121121 (15244499402),Italy,746,34.312,37.0213,40,38.95820000000001
142,adwords,4w_MTD_V1_Poland_GP_121121 (15244499402),Morocco,1,0.0,0.0099,1,0.0099
143,adwords,4w_MTD_V1_Poland_GP_121121 (15244499402),Netherlands,1,0.0,0.0003,1,0.0003
144,adwords,4w_MTD_V1_Poland_GP_121121 (15244499402),Poland,5230,273.0872,256.9650000000001,92,286.87020000000007
145,adwords,4w_MTD_V1_Poland_GP_121121 (15244499402),Portugal,550,27.529200000000003,20.583499999999994,68,22.1146
146,adwords,4w_MTD_V1_Poland_GP_121121 (15244499402),Romania,1,0.0,0.0034,1,0.0068
147,adwords,4w_MTD_V1_Poland_GP_121121 (15244499402),Russia,10,0.0,0.349,8,0.3849
148,adwords,4w_MTD_V1_Poland_GP_121121 (15244499402),Spain,690,35.6168,36.1566,68,39.469500000000004
149,adwords,4w_MTD_V1_Poland_GP_121121 (15244499402),Ukraine,2,0.0,0.0,2,0.0
150,adwords,4w_MTD_V1_Poland_GP_121121 (15244499402),United Kingdom,3,0.0,0.5925,3,0.5925
151,adwords,4w_MTD_V1_Poland_GP_121121 (15244499402),United States,2,0.0,0.1049,2,0.1049
152,adwords,4w_MTD_V1_Portugal_GP_081121 (15207425685),Portugal,263,12.808400000000002,11.248500000000002,28,13.255900000000004
153,adwords,4w_MTD_V1_Portugal_GP_081121 (15207425685),Spain,1,0.0,0.0266,1,0.0266
154,adwords,4w_MTD_V1_RU UKR_220622 (17550453571),Croatia,1,0.0,0.0247,1,0.0247
155,adwords,4w_MTD_V1_RU UKR_220622 (17550453571),Germany,2,0.0,0.038,2,0.038
156,adwords,4w_MTD_V1_RU UKR_220622 (17550453571),Kazakhstan,1,0.0,0.0165,1,0.0165
157,adwords,4w_MTD_V1_RU UKR_220622 (17550453571),Moldova,1,0.0,0.0006,1,0.0006
158,adwords,4w_MTD_V1_RU UKR_220622 (17550453571),Romania,1,0.0,0.0255,1,0.0269
159,adwords,4w_MTD_V1_RU UKR_220622 (17550453571),Russia,68,0.0,1.5128,12,1.5468
160,adwords,4w_MTD_V1_RU UKR_220622 (17550453571),Ukraine,1744,52.3997,24.508799999999994,26,26.3836
161,adwords,4w_MTD_V1_RU UKR_220622 (17550453571),United States,2,0.0,0.47109999999999996,2,0.47109999999999996
162,adwords,4w_MTD_V1_SA_240522 (17321368308),Canada,2,0.0,0.379,2,0.379
163,adwords,4w_MTD_V1_SA_240522 (17321368308),Egypt,3,0.0,0.0097,3,0.0097
164,adwords,4w_MTD_V1_SA_240522 (17321368308),France,12,0.0,1.2999999999999998,12,1.3347
165,adwords,4w_MTD_V1_SA_240522 (17321368308),Germany,10,0.0,0.875,9,0.8758000000000001
166,adwords,4w_MTD_V1_SA_240522 (17321368308),Indonesia,1,0.0,0.0313,1,0.0313
167,adwords,4w_MTD_V1_SA_240522 (17321368308),"Iran, Islamic Republic Of",2,0.0,0.0,2,0.0
168,adwords,4w_MTD_V1_SA_240522 (17321368308),Iraq,3,0.0,0.049300000000000004,3,0.049300000000000004
169,adwords,4w_MTD_V1_SA_240522 (17321368308),Israel,1,0.0,0.0345,1,0.0345
170,adwords,4w_MTD_V1_SA_240522 (17321368308),Jordan,1,0.0,0.0114,1,0.0114
171,adwords,4w_MTD_V1_SA_240522 (17321368308),Morocco,1,0.0,0.0011,1,0.0011
172,adwords,4w_MTD_V1_SA_240522 (17321368308),Myanmar,3,0.0,0.0581,3,0.08789999999999999
173,adwords,4w_MTD_V1_SA_240522 (17321368308),Netherlands,1,0.0,0.132,1,0.132
174,adwords,4w_MTD_V1_SA_240522 (17321368308),Oman,1,0.0,0.0002,1,0.0002
175,adwords,4w_MTD_V1_SA_240522 (17321368308),Pakistan,1,0.0,0.0242,1,0.0242
176,adwords,4w_MTD_V1_SA_240522 (17321368308),Saudi Arabia,5969,404.5662999999999,349.09190000000007,69,377.12090000000006
177,adwords,4w_MTD_V1_SA_240522 (17321368308),Syrian Arab Republic,2,0.0,0.2204,2,0.2204
178,adwords,4w_MTD_V1_SA_240522 (17321368308),United Kingdom,4,0.0,0.5637,3,0.7572
179,adwords,4w_MTD_V1_SA_240522 (17321368308),United States,4,0.0,0.4801,4,0.4801
180,adwords,4w_MTD_V1_Sing_GP_111121 (15225322680),Belgium,539,93.0788,66.10310000000003,31,75.70150000000001
181,adwords,4w_MTD_V1_Sing_GP_111121 (15225322680),China,1,0.0,0.1321,1,0.1321
182,adwords,4w_MTD_V1_Sing_GP_111121 (15225322680),Dominican Republic,1,0.0,0.0005,1,0.0005
183,adwords,4w_MTD_V1_Sing_GP_111121 (15225322680),France,5,0.0,0.5519000000000001,4,0.5892999999999999
184,adwords,4w_MTD_V1_Sing_GP_111121 (15225322680),India,3,0.0,0.07500000000000001,3,0.07500000000000001
185,adwords,4w_MTD_V1_Sing_GP_111121 (15225322680),Indonesia,4,0.0,0.1124,3,0.1124
186,adwords,4w_MTD_V1_Sing_GP_111121 (15225322680),"Iran, Islamic Republic Of",1,0.0,0.3349,1,0.3349
187,adwords,4w_MTD_V1_Sing_GP_111121 (15225322680),Japan,1,0.0,0.0882,1,0.0882
188,adwords,4w_MTD_V1_Sing_GP_111121 (15225322680),Jordan,1,0.0,0.0,1,0.0
189,adwords,4w_MTD_V1_Sing_GP_111121 (15225322680),Malaysia,1,0.0,0.0908,1,0.0908
190,adwords,4w_MTD_V1_Sing_GP_111121 (15225322680),Mongolia,1,0.0,0.0074,1,0.0074
191,adwords,4w_MTD_V1_Sing_GP_111121 (15225322680),Myanmar,13,0.0,0.6498,9,0.6498
192,adwords,4w_MTD_V1_Sing_GP_111121 (15225322680),Netherlands,1,0.0,0.0223,1,0.1385
193,adwords,4w_MTD_V1_Sing_GP_111121 (15225322680),Russia,1,0.0,0.0,1,0.0
194,adwords,4w_MTD_V1_Sing_GP_111121 (15225322680),Singapore,284,47.63669999999998,52.8288,29,62.05810000000001
195,adwords,4w_MTD_V1_Sing_GP_111121 (15225322680),Turkey,1,0.0,0.0,1,0.0
196,adwords,4w_MTD_V1_Sing_GP_111121 (15225322680),United Kingdom,1,0.0,0.1073,1,0.1073
197,adwords,4w_MTD_V1_Sing_GP_111121 (15225322680),Viet Nam,1,0.0,0.0002,1,0.0002
198,adwords,4w_MTD_V1_Sing_GP_250522 (17336302478),Bangladesh,3,0.0,0.005999999999999999,2,0.005999999999999999
199,adwords,4w_MTD_V1_Sing_GP_250522 (17336302478),Canada,1,0.0,0.0,1,0.0
200,adwords,4w_MTD_V1_Sing_GP_250522 (17336302478),China,1,0.0,0.0007,1,0.0029
201,adwords,4w_MTD_V1_Sing_GP_250522 (17336302478),France,2,0.0,0.0154,2,0.0154
202,adwords,4w_MTD_V1_Sing_GP_250522 (17336302478),India,2,0.0,0.0037,2,0.0037
203,adwords,4w_MTD_V1_Sing_GP_250522 (17336302478),Indonesia,4,0.0,0.1471,4,0.1471
204,adwords,4w_MTD_V1_Sing_GP_250522 (17336302478),Iraq,2,0.0,0.010700000000000001,2,0.010700000000000001
205,adwords,4w_MTD_V1_Sing_GP_250522 (17336302478),Malaysia,2,0.0,0.0165,1,0.0165
206,adwords,4w_MTD_V1_Sing_GP_250522 (17336302478),Myanmar,13,0.0,0.3073,7,0.3113
207,adwords,4w_MTD_V1_Sing_GP_250522 (17336302478),Oman,1,0.0,0.0097,1,0.0097
208,adwords,4w_MTD_V1_Sing_GP_250522 (17336302478),Saudi Arabia,1,0.0,0.0094,1,0.0094
209,adwords,4w_MTD_V1_Sing_GP_250522 (17336302478),Singapore,224,61.4167,41.2994,17,47.433
210,adwords,4w_MTD_V1_Sing_GP_250522 (17336302478),Thailand,2,0.0,0.0069,2,0.0069
211,adwords,4w_MTD_V1_Sing_GP_250522 (17336302478),Turkey,1,0.0,0.0025,1,0.0025
212,adwords,4w_MTD_V1_Sing_GP_250522 (17336302478),Viet Nam,2,0.0,0.0192,2,0.0192
213,adwords,4w_MTD_V1_Spain_GP_081121 (15207125985),France,1,0.0,0.1254,1,0.1254
214,adwords,4w_MTD_V1_Spain_GP_081121 (15207125985),Italy,355,20.409400000000005,19.0752,27,22.79130000000001
215,adwords,4w_MTD_V1_Spain_GP_081121 (15207125985),Pakistan,1,0.0,0.0094,1,0.0094
216,adwords,4w_MTD_V1_Spain_GP_081121 (15207125985),Slovenia,1,0.0,0.009,1,0.009
217,adwords,4w_MTD_V1_Spain_GP_081121 (15207125985),Spain,328,18.822200000000002,15.247200000000005,26,17.710800000000006
218,adwords,4w_MTD_V1_Spain_GP_081121 (15207125985),Ukraine,1,0.0,0.2461,1,0.2461
219,adwords,4w_MTD_V1_Spain_GP_081121 (15207125985),United Kingdom,1,0.0,0.0342,1,0.0342
220,adwords,4w_MTD_V1_TUR ARG_adjust _250522 (17336366333),Argentina,3347,97.04549999999999,61.464900000000014,65,65.83679999999998
221,adwords,4w_MTD_V1_TUR ARG_adjust _250522 (17336366333),"Bolivia, Plurinational State Of",1,0.0,0.0017,1,0.0017
222,adwords,4w_MTD_V1_TUR ARG_adjust _250522 (17336366333),Brazil,1,0.0,0.0055,1,0.0128
223,adwords,4w_MTD_V1_TUR ARG_adjust _250522 (17336366333),France,1,0.0,0.0052,1,0.0052
224,adwords,4w_MTD_V1_TUR ARG_adjust _250522 (17336366333),Germany,5,0.0,0.30110000000000003,5,0.30110000000000003
225,adwords,4w_MTD_V1_TUR ARG_adjust _250522 (17336366333),Russia,1,0.0,0.0021,1,0.0122
226,adwords,4w_MTD_V1_TUR ARG_adjust _250522 (17336366333),Turkey,5273,149.05309999999997,131.8878,67,140.04100000000003
227,adwords,4w_MTD_V1_TUR ARG_adjust _250522 (17336366333),Ukraine,1,0.0,0.0126,1,0.0126
228,adwords,4w_MTD_V1_TUR ARG_adjust _250522 (17336366333),United Kingdom,1,0.0,0.1654,1,0.1654
229,adwords,4w_MTD_V1_TUR ARG_adjust _250522 (17336366333),United States,3,0.0,0.1884,3,0.1884
230,adwords,4w_MTD_V1_Taiwan JP_adjust_251021 (15061866176),Australia,1,0.0,0.1024,1,0.1024
231,adwords,4w_MTD_V1_Taiwan JP_adjust_251021 (15061866176),Bangladesh,1,0.0,0.0015,1,0.1115
232,adwords,4w_MTD_V1_Taiwan JP_adjust_251021 (15061866176),China,7,0.0,0.416,7,0.416
233,adwords,4w_MTD_V1_Taiwan JP_adjust_251021 (15061866176),Ecuador,1,0.0,0.0009,1,0.0009
234,adwords,4w_MTD_V1_Taiwan JP_adjust_251021 (15061866176),Egypt,1,0.0,1.7816,1,1.7816
235,adwords,4w_MTD_V1_Taiwan JP_adjust_251021 (15061866176),Hong Kong,463,173.8563,138.96519999999995,34,158.1954
236,adwords,4w_MTD_V1_Taiwan JP_adjust_251021 (15061866176),"Iran, Islamic Republic Of",5,0.0,0.0035,5,0.0035
237,adwords,4w_MTD_V1_Taiwan JP_adjust_251021 (15061866176),Iraq,3,0.0,0.0156,3,0.0156
238,adwords,4w_MTD_V1_Taiwan JP_adjust_251021 (15061866176),Japan,1879,755.8682,721.7214,63,775.4439000000001
239,adwords,4w_MTD_V1_Taiwan JP_adjust_251021 (15061866176),Jordan,1,0.0,0.0235,1,0.0235
240,adwords,4w_MTD_V1_Taiwan JP_adjust_251021 (15061866176),Mongolia,1,0.0,0.0441,1,0.0441
241,adwords,4w_MTD_V1_Taiwan JP_adjust_251021 (15061866176),Pakistan,1,0.0,0.0115,1,0.0115
242,adwords,4w_MTD_V1_Taiwan JP_adjust_251021 (15061866176),Philippines,1,0.0,0.0098,1,0.0098
243,adwords,4w_MTD_V1_Taiwan JP_adjust_251021 (15061866176),Russia,2,0.0,0.049499999999999995,2,0.049499999999999995
244,adwords,4w_MTD_V1_Taiwan JP_adjust_251021 (15061866176),Singapore,1,0.0,0.008,1,0.008
245,adwords,4w_MTD_V1_Taiwan JP_adjust_251021 (15061866176),South Korea,1857,864.5927000000001,548.1238000000001,43,633.9625
246,adwords,4w_MTD_V1_Taiwan JP_adjust_251021 (15061866176),"Taiwan, Province Of China",6345,3004.271499999999,1961.6829000000002,92,2093.5452000000005
247,adwords,4w_MTD_V1_Taiwan JP_adjust_251021 (15061866176),Ukraine,1,0.0,0.0,1,0.0
248,adwords,4w_MTD_V1_Taiwan JP_adjust_251021 (15061866176),United Kingdom,1,0.0,0.0,1,0.0
249,adwords,4w_MTD_V1_Taiwan JP_adjust_251021 (15061866176),United States,2,0.0,0.1152,2,0.1152
250,adwords,4w_MTD_V1_Taiwan JP_adjust_251021 (15061866176),Uruguay,1,0.0,0.1057,1,0.1057
251,adwords,4w_MTD_V1_Taiwan JP_adjust_251021 (15061866176),Uzbekistan,1,0.0,0.0043,1,0.0043
252,adwords,4w_MTD_V1_Taiwan JP_adjust_251021 (15061866176),Viet Nam,2,0.0,0.019100000000000002,2,0.042300000000000004
253,adwords,4w_MTD_V1_Thai_adjust_240521 (17321281371),Argentina,826,27.894399999999997,16.7441,27,18.070800000000002
254,adwords,4w_MTD_V1_Thai_adjust_240521 (17321281371),Brazil,58,2.5045999999999995,1.672,11,1.7563
255,adwords,4w_MTD_V1_Thai_adjust_240521 (17321281371),Canada,1,0.0,0.2875,1,0.2875
256,adwords,4w_MTD_V1_Thai_adjust_240521 (17321281371),India,1,0.0,0.0002,1,0.0002
257,adwords,4w_MTD_V1_Thai_adjust_240521 (17321281371),Indonesia,137,4.6782,4.0191,15,4.1678
258,adwords,4w_MTD_V1_Thai_adjust_240521 (17321281371),Kazakhstan,1,0.0,0.0186,1,0.0186
259,adwords,4w_MTD_V1_Thai_adjust_240521 (17321281371),Lao People's Democratic Republic,1,0.0,0.013,1,0.013
260,adwords,4w_MTD_V1_Thai_adjust_240521 (17321281371),Mexico,105,3.9269999999999996,4.4299,13,4.57
261,adwords,4w_MTD_V1_Thai_adjust_240521 (17321281371),Moldova,2,0.0,0.0191,2,0.019000000000000003
262,adwords,4w_MTD_V1_Thai_adjust_240521 (17321281371),Myanmar,2,0.0,0.0922,2,0.0922
263,adwords,4w_MTD_V1_Thai_adjust_240521 (17321281371),Philippines,146,6.339499999999999,4.1391,13,4.4398
264,adwords,4w_MTD_V1_Thai_adjust_240521 (17321281371),Russia,19,0.0,0.35860000000000003,9,0.4203
265,adwords,4w_MTD_V1_Thai_adjust_240521 (17321281371),Singapore,5,0.0,0.774,5,0.8054999999999999
266,adwords,4w_MTD_V1_Thai_adjust_240521 (17321281371),Thailand,9904,471.3309999999999,423.8370999999999,56,454.8091
267,adwords,4w_MTD_V1_Thai_adjust_240521 (17321281371),Turkey,1265,42.820800000000006,33.799200000000006,23,36.2823
268,adwords,4w_MTD_V1_Thai_adjust_240521 (17321281371),Ukraine,1069,36.70049999999999,15.687199999999997,22,16.6242
269,adwords,4w_MTD_V1_Thai_adjust_240521 (17321281371),United States,2,0.0,0.0695,2,0.0695
270,adwords,4w_MTD_V1_Thai_adjust_240521 (17321281371),Viet Nam,219,9.3177,8.211599999999999,16,8.3831
271,adwords,4w_MTD_V1_Tier 1_ ADjust_251021 (15057876603),Algeria,2,0.0,0.2428,2,0.2433
272,adwords,4w_MTD_V1_Tier 1_ ADjust_251021 (15057876603),Australia,1530,467.3115999999999,439.23089999999996,92,487.55319999999983
273,adwords,4w_MTD_V1_Tier 1_ ADjust_251021 (15057876603),Austria,316,67.33459999999998,47.1058,31,52.7157
274,adwords,4w_MTD_V1_Tier 1_ ADjust_251021 (15057876603),Bahamas,1,0.0,0.0274,1,0.0274
275,adwords,4w_MTD_V1_Tier 1_ ADjust_251021 (15057876603),Bangladesh,2,0.0,0.0092,2,0.0092
276,adwords,4w_MTD_V1_Tier 1_ ADjust_251021 (15057876603),Belarus,1,0.0,0.0159,1,0.0397
277,adwords,4w_MTD_V1_Tier 1_ ADjust_251021 (15057876603),Belgium,5,0.0,0.2998,5,0.2998
278,adwords,4w_MTD_V1_Tier 1_ ADjust_251021 (15057876603),"Bolivia, Plurinational State Of",1,0.0,0.0107,1,0.0107
279,adwords,4w_MTD_V1_Tier 1_ ADjust_251021 (15057876603),Bulgaria,2,0.0,0.0066,2,0.0066
280,adwords,4w_MTD_V1_Tier 1_ ADjust_251021 (15057876603),Canada,2803,909.5672999999999,842.2636000000003,92,931.0835999999998
281,adwords,4w_MTD_V1_Tier 1_ ADjust_251021 (15057876603),Chile,1,0.0,0.021,1,0.021
282,adwords,4w_MTD_V1_Tier 1_ ADjust_251021 (15057876603),China,5,0.0,0.12789999999999999,4,0.129
283,adwords,4w_MTD_V1_Tier 1_ ADjust_251021 (15057876603),Cyprus,1,0.0,0.0354,1,0.0354
284,adwords,4w_MTD_V1_Tier 1_ ADjust_251021 (15057876603),Denmark,151,29.79220000000001,24.973100000000006,30,29.666999999999998
285,adwords,4w_MTD_V1_Tier 1_ ADjust_251021 (15057876603),Egypt,3,0.0,0.0567,3,0.0568
286,adwords,4w_MTD_V1_Tier 1_ ADjust_251021 (15057876603),Estonia,1,0.0,0.0,1,0.0
287,adwords,4w_MTD_V1_Tier 1_ ADjust_251021 (15057876603),Ethiopia,1,0.0,0.0147,1,0.0147
288,adwords,4w_MTD_V1_Tier 1_ ADjust_251021 (15057876603),France,2380,567.4476999999999,264.7198000000001,39,299.7890000000001
289,adwords,4w_MTD_V1_Tier 1_ ADjust_251021 (15057876603),Germany,1850,457.08669999999995,309.0889,34,357.88690000000014
290,adwords,4w_MTD_V1_Tier 1_ ADjust_251021 (15057876603),Hong Kong,877,280.09979999999996,236.83470000000005,66,262.50359999999995
291,adwords,4w_MTD_V1_Tier 1_ ADjust_251021 (15057876603),India,6,0.0,0.030699999999999998,5,0.031
292,adwords,4w_MTD_V1_Tier 1_ ADjust_251021 (15057876603),Indonesia,2,0.0,0.0475,2,0.0475
293,adwords,4w_MTD_V1_Tier 1_ ADjust_251021 (15057876603),"Iran, Islamic Republic Of",77,0.0,1.6543,29,1.8844
294,adwords,4w_MTD_V1_Tier 1_ ADjust_251021 (15057876603),Iraq,8,0.0,0.0176,7,0.0176
295,adwords,4w_MTD_V1_Tier 1_ ADjust_251021 (15057876603),Ireland,1,0.0,0.1178,1,0.1178
296,adwords,4w_MTD_V1_Tier 1_ ADjust_251021 (15057876603),Isle Of Man,1,0.0,0.0417,1,0.0417
297,adwords,4w_MTD_V1_Tier 1_ ADjust_251021 (15057876603),Kazakhstan,1,0.0,0.0,1,0.0
298,adwords,4w_MTD_V1_Tier 1_ ADjust_251021 (15057876603),Lebanon,2,0.0,0.01,2,0.0108
299,adwords,4w_MTD_V1_Tier 1_ ADjust_251021 (15057876603),Lithuania,1,0.0,0.0161,1,0.0161
300,adwords,4w_MTD_V1_Tier 1_ ADjust_251021 (15057876603),Luxembourg,1,0.0,0.0464,1,0.0531
301,adwords,4w_MTD_V1_Tier 1_ ADjust_251021 (15057876603),"Macedonia, The Former Yugoslav Republic Of",1,0.0,0.0344,1,0.0426
302,adwords,4w_MTD_V1_Tier 1_ ADjust_251021 (15057876603),Malaysia,1,0.0,0.0542,1,0.0542
303,adwords,4w_MTD_V1_Tier 1_ ADjust_251021 (15057876603),Mauritius,1,0.0,0.0462,1,0.0495
304,adwords,4w_MTD_V1_Tier 1_ ADjust_251021 (15057876603),Mexico,1,0.0,0.0193,1,0.0706
305,adwords,4w_MTD_V1_Tier 1_ ADjust_251021 (15057876603),Monaco,1,0.0,0.1113,1,0.1113
306,adwords,4w_MTD_V1_Tier 1_ ADjust_251021 (15057876603),Mongolia,1,0.0,0.0041,1,0.0041
307,adwords,4w_MTD_V1_Tier 1_ ADjust_251021 (15057876603),Myanmar,26,0.0,0.7635000000000001,19,0.8549000000000002
308,adwords,4w_MTD_V1_Tier 1_ ADjust_251021 (15057876603),Nepal,3,0.0,0.011699999999999999,3,0.011699999999999999
309,adwords,4w_MTD_V1_Tier 1_ ADjust_251021 (15057876603),Netherlands,6,0.0,0.3773,4,0.3773
310,adwords,4w_MTD_V1_Tier 1_ ADjust_251021 (15057876603),Oman,2,0.0,0.049199999999999994,2,0.2084
311,adwords,4w_MTD_V1_Tier 1_ ADjust_251021 (15057876603),Pakistan,3,0.0,0.12419999999999999,3,0.12419999999999999
312,adwords,4w_MTD_V1_Tier 1_ ADjust_251021 (15057876603),"Palestinian Territory, Occupied",1,0.0,0.0143,1,0.0143
313,adwords,4w_MTD_V1_Tier 1_ ADjust_251021 (15057876603),Philippines,1,0.0,0.0,1,0.0
314,adwords,4w_MTD_V1_Tier 1_ ADjust_251021 (15057876603),Poland,13,0.0,0.9389000000000001,9,0.9826000000000001
315,adwords,4w_MTD_V1_Tier 1_ ADjust_251021 (15057876603),Portugal,1,0.0,0.0227,1,0.0313
316,adwords,4w_MTD_V1_Tier 1_ ADjust_251021 (15057876603),Russia,11,0.0,0.2896,9,0.2896
317,adwords,4w_MTD_V1_Tier 1_ ADjust_251021 (15057876603),Saudi Arabia,3,0.0,0.5818,3,0.6055
318,adwords,4w_MTD_V1_Tier 1_ ADjust_251021 (15057876603),Singapore,2,0.0,0.1939,2,0.1939
319,adwords,4w_MTD_V1_Tier 1_ ADjust_251021 (15057876603),Slovenia,1,0.0,0.002,1,0.0704
320,adwords,4w_MTD_V1_Tier 1_ ADjust_251021 (15057876603),South Africa,1,0.0,0.1995,1,0.1995
321,adwords,4w_MTD_V1_Tier 1_ ADjust_251021 (15057876603),South Korea,3332,1194.7800000000002,984.7952,68,1085.2058000000002
322,adwords,4w_MTD_V1_Tier 1_ ADjust_251021 (15057876603),Spain,5,0.0,0.2533,5,0.2533
323,adwords,4w_MTD_V1_Tier 1_ ADjust_251021 (15057876603),Sudan,1,0.0,0.0038,1,0.0038
324,adwords,4w_MTD_V1_Tier 1_ ADjust_251021 (15057876603),Sweden,264,59.1196,47.64979999999999,30,57.48079999999999
325,adwords,4w_MTD_V1_Tier 1_ ADjust_251021 (15057876603),Switzerland,106,24.733500000000006,19.748699999999992,30,23.706200000000003
326,adwords,4w_MTD_V1_Tier 1_ ADjust_251021 (15057876603),Syrian Arab Republic,50,0.0,0.2108,23,0.2118
327,adwords,4w_MTD_V1_Tier 1_ ADjust_251021 (15057876603),Thailand,2,0.0,0.027,2,0.027
328,adwords,4w_MTD_V1_Tier 1_ ADjust_251021 (15057876603),Turkey,26,0.0,1.0662,21,1.098
329,adwords,4w_MTD_V1_Tier 1_ ADjust_251021 (15057876603),Turkmenistan,1,0.0,0.0,1,0.0
330,adwords,4w_MTD_V1_Tier 1_ ADjust_251021 (15057876603),Ukraine,9,0.0,0.0639,8,0.0639
331,adwords,4w_MTD_V1_Tier 1_ ADjust_251021 (15057876603),United Kingdom,664,160.75300000000001,130.83229999999998,32,155.3527
332,adwords,4w_MTD_V1_Tier 1_ ADjust_251021 (15057876603),United States,19,0.0,1.5821000000000005,16,1.6866000000000003
333,adwords,4w_MTD_V1_Tier 1_ ADjust_251021 (15057876603),Uzbekistan,8,0.0,0.0781,7,0.0807
334,adwords,4w_MTD_V1_Tier 1_ ADjust_251021 (15057876603),Viet Nam,4,0.0,0.2374,4,0.2374
335,adwords,4w_MTD_V1_Tier 4_GP_311021 (15121658133),Argentina,157,3.0668999999999995,2.9184000000000005,15,3.0166000000000004
336,adwords,4w_MTD_V1_Tier 4_GP_311021 (15121658133),Brazil,4,0.0,0.2535,4,0.4494
337,adwords,4w_MTD_V1_Tier 4_GP_311021 (15121658133),Brunei Darussalam,40,0.6967,0.9054999999999999,60,0.9358
338,adwords,4w_MTD_V1_Tier 4_GP_311021 (15121658133),Cambodia,706,13.5638,11.4763,92,12.5845
339,adwords,4w_MTD_V1_Tier 4_GP_311021 (15121658133),Canada,2,0.0,0.3593,2,0.3593
340,adwords,4w_MTD_V1_Tier 4_GP_311021 (15121658133),Colombia,787,14.352900000000004,19.8499,92,20.9416
341,adwords,4w_MTD_V1_Tier 4_GP_311021 (15121658133),Czech Republic,166,3.0469000000000004,10.930199999999994,90,12.650899999999998
342,adwords,4w_MTD_V1_Tier 4_GP_311021 (15121658133),Ecuador,497,9.2426,7.703900000000001,92,8.4363
343,adwords,4w_MTD_V1_Tier 4_GP_311021 (15121658133),Egypt,2531,48.65520000000001,33.424199999999985,92,36.78239999999998
344,adwords,4w_MTD_V1_Tier 4_GP_311021 (15121658133),El Salvador,144,2.386499999999999,2.901299999999999,90,3.0123999999999986
345,adwords,4w_MTD_V1_Tier 4_GP_311021 (15121658133),Finland,1,0.0,0.0193,1,0.0193
346,adwords,4w_MTD_V1_Tier 4_GP_311021 (15121658133),France,1,0.0,0.1402,1,0.1402
347,adwords,4w_MTD_V1_Tier 4_GP_311021 (15121658133),Germany,4,0.0,0.013900000000000001,4,0.013900000000000001
348,adwords,4w_MTD_V1_Tier 4_GP_311021 (15121658133),Greece,104,2.1390000000000002,2.6765,81,2.949299999999999
349,adwords,4w_MTD_V1_Tier 4_GP_311021 (15121658133),Hungary,187,3.4707999999999988,7.483299999999996,89,8.775299999999996
350,adwords,4w_MTD_V1_Tier 4_GP_311021 (15121658133),India,11488,220.74300000000005,150.7745,92,161.17810000000006
351,adwords,4w_MTD_V1_Tier 4_GP_311021 (15121658133),Ireland,6,0.1385,0.907,12,1.0198
352,adwords,4w_MTD_V1_Tier 4_GP_311021 (15121658133),Israel,1,0.0,0.1804,1,0.1804
353,adwords,4w_MTD_V1_Tier 4_GP_311021 (15121658133),Italy,1,0.0,0.0085,1,0.0085
354,adwords,4w_MTD_V1_Tier 4_GP_311021 (15121658133),Japan,2,0.0,0.0354,2,0.0354
355,adwords,4w_MTD_V1_Tier 4_GP_311021 (15121658133),Latvia,1,0.0,0.0155,1,0.0155
356,adwords,4w_MTD_V1_Tier 4_GP_311021 (15121658133),Mexico,1,0.0,0.0,1,0.0
357,adwords,4w_MTD_V1_Tier 4_GP_311021 (15121658133),Myanmar,507,10.985200000000003,9.864200000000002,92,11.000600000000002
358,adwords,4w_MTD_V1_Tier 4_GP_311021 (15121658133),Netherlands,4,0.0,0.0067,4,0.0067
359,adwords,4w_MTD_V1_Tier 4_GP_311021 (15121658133),Paraguay,223,4.574900000000001,2.6186,92,2.809799999999999
360,adwords,4w_MTD_V1_Tier 4_GP_311021 (15121658133),Peru,235,4.337400000000001,4.974799999999999,28,5.7712
361,adwords,4w_MTD_V1_Tier 4_GP_311021 (15121658133),Qatar,1,0.0,0.0511,1,0.0511
362,adwords,4w_MTD_V1_Tier 4_GP_311021 (15121658133),Romania,1,0.0,0.0268,1,0.0269
363,adwords,4w_MTD_V1_Tier 4_GP_311021 (15121658133),Russia,19,0.0,0.0149,14,0.0149
364,adwords,4w_MTD_V1_Tier 4_GP_311021 (15121658133),Saudi Arabia,63,1.1671,4.094199999999999,27,5.294
365,adwords,4w_MTD_V1_Tier 4_GP_311021 (15121658133),Serbia,212,3.9301999999999997,4.208399999999999,91,5.003299999999999
366,adwords,4w_MTD_V1_Tier 4_GP_311021 (15121658133),Singapore,43,0.0,3.8596000000000004,34,3.91
367,adwords,4w_MTD_V1_Tier 4_GP_311021 (15121658133),Syrian Arab Republic,8,0.0,0.0557,7,0.0557
368,adwords,4w_MTD_V1_Tier 4_GP_311021 (15121658133),Thailand,8,0.0,0.1997,8,0.1997
369,adwords,4w_MTD_V1_Tier 4_GP_311021 (15121658133),Turkey,392,7.2269999999999985,13.054599999999999,11,13.5189
370,adwords,4w_MTD_V1_Tier 4_GP_311021 (15121658133),Ukraine,578,12.109900000000001,8.7706,26,9.853600000000002
371,adwords,4w_MTD_V1_Tier 4_GP_311021 (15121658133),United Kingdom,2,0.0,0.1569,2,0.1569
372,adwords,4w_MTD_V1_Tier 4_GP_311021 (15121658133),United States,11,0.0,0.6761,11,0.7153
373,adwords,4w_MTD_V1_Tier 4_GP_311021 (15121658133),Uruguay,201,4.082900000000001,3.2841,92,3.5240000000000005
374,adwords,4w_MTD_V1_Tier 4_GP_311021 (15121658133),"Venezuela, Bolivarian Republic Of",28,0.5748000000000001,0.7739000000000001,62,1.6693999999999998
375,adwords,4w_MTD_V1_Tier 4_GP_311021 (15121658133),Viet Nam,4,0.0,0.0882,4,0.0963
376,adwords,4w_MTD_V1_US 2_adjust_280421 (17065996758),India,1,0.0,0.004,1,0.004
377,adwords,4w_MTD_V1_US 2_adjust_280421 (17065996758),United States,222,128.5902,85.78229999999999,28,96.44089999999997
378,adwords,4w_MTD_V1_US_GP_231021 (15059326558),Afghanistan,2,0.0,0.08779999999999999,2,0.08779999999999999
379,adwords,4w_MTD_V1_US_GP_231021 (15059326558),Albania,1,0.0,0.0576,1,0.0576
380,adwords,4w_MTD_V1_US_GP_231021 (15059326558),Algeria,4,0.0,0.0863,4,0.0863
381,adwords,4w_MTD_V1_US_GP_231021 (15059326558),Angola,1,0.0,0.0,1,0.0017
382,adwords,4w_MTD_V1_US_GP_231021 (15059326558),Australia,2,0.0,0.0015,2,0.0218
383,adwords,4w_MTD_V1_US_GP_231021 (15059326558),Azerbaijan,2,0.0,0.5835,2,0.5835
384,adwords,4w_MTD_V1_US_GP_231021 (15059326558),Bangladesh,3,0.0,0.0619,3,0.0619
385,adwords,4w_MTD_V1_US_GP_231021 (15059326558),Belarus,1,0.0,0.0221,1,0.0221
386,adwords,4w_MTD_V1_US_GP_231021 (15059326558),Bermuda,1,0.0,0.1195,1,0.1195
387,adwords,4w_MTD_V1_US_GP_231021 (15059326558),"Bolivia, Plurinational State Of",1,0.0,0.0146,1,0.0146
388,adwords,4w_MTD_V1_US_GP_231021 (15059326558),Bosnia & Herzegovina,1,0.0,0.0,1,0.0
389,adwords,4w_MTD_V1_US_GP_231021 (15059326558),Brazil,2,0.0,0.055999999999999994,2,0.0578
390,adwords,4w_MTD_V1_US_GP_231021 (15059326558),Bulgaria,1,0.0,0.0077,1,0.0077
391,adwords,4w_MTD_V1_US_GP_231021 (15059326558),Cambodia,2,0.0,0.026299999999999997,2,0.026299999999999997
392,adwords,4w_MTD_V1_US_GP_231021 (15059326558),Canada,7,0.0,1.8736,7,1.8736
393,adwords,4w_MTD_V1_US_GP_231021 (15059326558),Chile,3,0.0,0.1216,3,0.1217
394,adwords,4w_MTD_V1_US_GP_231021 (15059326558),China,9,0.0,0.5434,9,0.5434
395,adwords,4w_MTD_V1_US_GP_231021 (15059326558),Colombia,2,0.0,0.0155,2,0.0155
396,adwords,4w_MTD_V1_US_GP_231021 (15059326558),Costa Rica,1,0.0,0.0,1,0.0
397,adwords,4w_MTD_V1_US_GP_231021 (15059326558),Cuba,1,0.0,0.0,1,0.0
398,adwords,4w_MTD_V1_US_GP_231021 (15059326558),Czech Republic,1,0.0,0.0522,1,0.0522
399,adwords,4w_MTD_V1_US_GP_231021 (15059326558),Dominican Republic,3,0.0,0.0329,3,0.0329
400,adwords,4w_MTD_V1_US_GP_231021 (15059326558),Egypt,8,0.0,0.09989999999999999,8,0.09989999999999999
401,adwords,4w_MTD_V1_US_GP_231021 (15059326558),El Salvador,1,0.0,0.0,1,0.0
402,adwords,4w_MTD_V1_US_GP_231021 (15059326558),France,1,0.0,0.0,1,0.0
403,adwords,4w_MTD_V1_US_GP_231021 (15059326558),Georgia,1,0.0,0.0054,1,0.0054
404,adwords,4w_MTD_V1_US_GP_231021 (15059326558),Germany,6,0.0,0.1416,5,0.1416
405,adwords,4w_MTD_V1_US_GP_231021 (15059326558),Guatemala,2,0.0,0.024300000000000002,2,0.024300000000000002
406,adwords,4w_MTD_V1_US_GP_231021 (15059326558),Honduras,2,0.0,0.0139,2,0.0139
407,adwords,4w_MTD_V1_US_GP_231021 (15059326558),Hong Kong,1,0.0,0.0186,1,0.0186
408,adwords,4w_MTD_V1_US_GP_231021 (15059326558),India,17,0.0,0.6251999999999999,16,0.6251999999999999
409,adwords,4w_MTD_V1_US_GP_231021 (15059326558),Indonesia,7,0.0,0.243,7,0.399
410,adwords,4w_MTD_V1_US_GP_231021 (15059326558),"Iran, Islamic Republic Of",155,0.0,3.4319000000000006,72,3.6052000000000004
411,adwords,4w_MTD_V1_US_GP_231021 (15059326558),Iraq,17,0.0,0.1242,15,0.12409999999999999
412,adwords,4w_MTD_V1_US_GP_231021 (15059326558),Israel,9,0.0,1.0738,9,1.1402
413,adwords,4w_MTD_V1_US_GP_231021 (15059326558),Jamaica,1,0.0,0.0038,1,0.0038
414,adwords,4w_MTD_V1_US_GP_231021 (15059326558),Japan,1,0.0,0.3409,1,0.3409
415,adwords,4w_MTD_V1_US_GP_231021 (15059326558),Jordan,1,0.0,0.0126,1,0.0126
416,adwords,4w_MTD_V1_US_GP_231021 (15059326558),Kazakhstan,4,0.0,0.0553,4,0.1178
417,adwords,4w_MTD_V1_US_GP_231021 (15059326558),Kyrgyzstan,2,0.0,0.0126,2,0.0126
418,adwords,4w_MTD_V1_US_GP_231021 (15059326558),Lao People's Democratic Republic,1,0.0,0.0111,1,0.0111
419,adwords,4w_MTD_V1_US_GP_231021 (15059326558),Lebanon,2,0.0,0.0281,1,0.0281
420,adwords,4w_MTD_V1_US_GP_231021 (15059326558),Libya,1,0.0,0.0,1,0.0
421,adwords,4w_MTD_V1_US_GP_231021 (15059326558),Mexico,35,0.0,2.1090000000000004,29,2.1305000000000005
422,adwords,4w_MTD_V1_US_GP_231021 (15059326558),"Micronesia, Federated States Of",1,0.0,0.0021,1,0.0021
423,adwords,4w_MTD_V1_US_GP_231021 (15059326558),Moldova,1,0.0,0.2075,1,0.2075
424,adwords,4w_MTD_V1_US_GP_231021 (15059326558),Mongolia,2,0.0,0.006,2,0.006
425,adwords,4w_MTD_V1_US_GP_231021 (15059326558),Morocco,2,0.0,0.0694,2,0.0839
426,adwords,4w_MTD_V1_US_GP_231021 (15059326558),Myanmar,29,0.0,0.6587000000000002,25,0.7716000000000002
427,adwords,4w_MTD_V1_US_GP_231021 (15059326558),Nepal,4,0.0,0.06369999999999999,4,0.06369999999999999
428,adwords,4w_MTD_V1_US_GP_231021 (15059326558),Netherlands,5,0.0,0.43179999999999996,5,0.43179999999999996
429,adwords,4w_MTD_V1_US_GP_231021 (15059326558),Nicaragua,1,0.0,0.0,1,0.0
430,adwords,4w_MTD_V1_US_GP_231021 (15059326558),Oman,1,0.0,0.1144,1,0.1144
431,adwords,4w_MTD_V1_US_GP_231021 (15059326558),Pakistan,5,0.0,0.08159999999999999,5,0.0823
432,adwords,4w_MTD_V1_US_GP_231021 (15059326558),Panama,1,0.0,0.0939,1,0.0939
433,adwords,4w_MTD_V1_US_GP_231021 (15059326558),Peru,1,0.0,0.0369,1,0.0464
434,adwords,4w_MTD_V1_US_GP_231021 (15059326558),Philippines,4,0.0,0.9375999999999999,4,0.9375999999999999
435,adwords,4w_MTD_V1_US_GP_231021 (15059326558),Poland,5,0.0,0.18379999999999996,5,0.18379999999999996
436,adwords,4w_MTD_V1_US_GP_231021 (15059326558),Puerto Rico,3,0.0,0.1766,3,0.1766
437,adwords,4w_MTD_V1_US_GP_231021 (15059326558),Russia,27,0.0,1.1738,23,1.5017
438,adwords,4w_MTD_V1_US_GP_231021 (15059326558),Saudi Arabia,1,0.0,0.0766,1,0.0766
439,adwords,4w_MTD_V1_US_GP_231021 (15059326558),Seychelles,1,0.0,0.0305,1,0.0305
440,adwords,4w_MTD_V1_US_GP_231021 (15059326558),Singapore,7,0.0,0.7699999999999999,7,0.7760999999999999
441,adwords,4w_MTD_V1_US_GP_231021 (15059326558),Spain,1,0.0,0.0756,1,0.0756
442,adwords,4w_MTD_V1_US_GP_231021 (15059326558),Sweden,1,0.0,0.041,1,0.041
443,adwords,4w_MTD_V1_US_GP_231021 (15059326558),Syrian Arab Republic,31,0.0,0.0302,26,0.0302
444,adwords,4w_MTD_V1_US_GP_231021 (15059326558),"Taiwan, Province Of China",1,0.0,0.0406,1,0.0406
445,adwords,4w_MTD_V1_US_GP_231021 (15059326558),Thailand,1,0.0,0.0,1,0.0
446,adwords,4w_MTD_V1_US_GP_231021 (15059326558),Turkey,10,0.0,0.22949999999999998,10,0.22949999999999998
447,adwords,4w_MTD_V1_US_GP_231021 (15059326558),Turkmenistan,3,0.0,0.0,3,0.0
448,adwords,4w_MTD_V1_US_GP_231021 (15059326558),Ukraine,10,0.0,0.0929,10,0.0929
449,adwords,4w_MTD_V1_US_GP_231021 (15059326558),United Kingdom,3,0.0,0.011,3,0.011
450,adwords,4w_MTD_V1_US_GP_231021 (15059326558),United States,13751,7250.2776,5214.847000000002,92,5739.445399999999
451,adwords,4w_MTD_V1_US_GP_231021 (15059326558),Uruguay,1,0.0,0.0013,1,0.0013
452,adwords,4w_MTD_V1_US_GP_231021 (15059326558),Uzbekistan,10,0.0,0.6567000000000001,9,0.6567000000000001
453,adwords,4w_MTD_V1_US_GP_231021 (15059326558),Viet Nam,4,0.0,0.1331,4,0.1331
454,adwords,4w_MTD_V1_adjust_VN_231121 (15038640710),Argentina,2913,100.63449999999999,60.98249999999999,44,65.69200000000001
455,adwords,4w_MTD_V1_adjust_VN_231121 (15038640710),Australia,1,0.0,0.1965,1,0.207
456,adwords,4w_MTD_V1_adjust_VN_231121 (15038640710),Brazil,8703,332.99390000000005,345.5783000000001,71,367.763
457,adwords,4w_MTD_V1_adjust_VN_231121 (15038640710),Canada,6,0.0,0.4154,6,0.4154
458,adwords,4w_MTD_V1_adjust_VN_231121 (15038640710),Czech Republic,1,0.0,0.0107,1,0.0107
459,adwords,4w_MTD_V1_adjust_VN_231121 (15038640710),France,2,0.0,0.0264,1,0.0264
460,adwords,4w_MTD_V1_adjust_VN_231121 (15038640710),Germany,6,0.0,0.5303,6,0.5452999999999999
461,adwords,4w_MTD_V1_adjust_VN_231121 (15038640710),Hong Kong,4,0.0,0.2058,4,0.228
462,adwords,4w_MTD_V1_adjust_VN_231121 (15038640710),Hungary,1,0.0,0.0426,1,0.0426
463,adwords,4w_MTD_V1_adjust_VN_231121 (15038640710),Indonesia,9733,339.74260000000004,276.26820000000004,70,292.67760000000004
464,adwords,4w_MTD_V1_adjust_VN_231121 (15038640710),Iraq,1,0.0,0.0,1,0.0
465,adwords,4w_MTD_V1_adjust_VN_231121 (15038640710),Italy,1,0.0,0.0005,1,0.0005
466,adwords,4w_MTD_V1_adjust_VN_231121 (15038640710),Kazakhstan,1,0.0,0.0,1,0.0
467,adwords,4w_MTD_V1_adjust_VN_231121 (15038640710),Lao People's Democratic Republic,1,0.0,0.0046,1,0.0046
468,adwords,4w_MTD_V1_adjust_VN_231121 (15038640710),Lithuania,1,0.0,0.0,1,0.0035
469,adwords,4w_MTD_V1_adjust_VN_231121 (15038640710),Luxembourg,1,0.0,0.0132,1,0.0132
470,adwords,4w_MTD_V1_adjust_VN_231121 (15038640710),Macao,2,0.0,1.0342,2,1.0467
471,adwords,4w_MTD_V1_adjust_VN_231121 (15038640710),Malaysia,117,2.6622,7.839299999999999,9,8.4438
472,adwords,4w_MTD_V1_adjust_VN_231121 (15038640710),Mexico,6629,239.9758,243.59680000000006,69,259.31879999999995
473,adwords,4w_MTD_V1_adjust_VN_231121 (15038640710),Moldova,4,0.0,0.0299,4,0.0298
474,adwords,4w_MTD_V1_adjust_VN_231121 (15038640710),Paraguay,6,0.0,0.04820000000000001,6,0.04820000000000001
475,adwords,4w_MTD_V1_adjust_VN_231121 (15038640710),Philippines,8067,295.3234,281.05310000000003,68,298.66189999999995
476,adwords,4w_MTD_V1_adjust_VN_231121 (15038640710),Poland,2,0.0,0.0187,2,0.0187
477,adwords,4w_MTD_V1_adjust_VN_231121 (15038640710),Portugal,8,0.4774,0.3907,23,0.5993999999999999
478,adwords,4w_MTD_V1_adjust_VN_231121 (15038640710),Russia,64,0.0,0.7533000000000001,21,0.9496
479,adwords,4w_MTD_V1_adjust_VN_231121 (15038640710),Singapore,6,0.0,0.2799,6,0.2975
480,adwords,4w_MTD_V1_adjust_VN_231121 (15038640710),Thailand,2386,78.6198,103.61380000000003,39,119.3285
481,adwords,4w_MTD_V1_adjust_VN_231121 (15038640710),Turkey,6181,206.12760000000006,148.61940000000004,44,162.1341
482,adwords,4w_MTD_V1_adjust_VN_231121 (15038640710),Ukraine,3501,114.28519999999999,46.35049999999999,39,50.2374
483,adwords,4w_MTD_V1_adjust_VN_231121 (15038640710),United Kingdom,4,0.0,0.136,4,0.1503
484,adwords,4w_MTD_V1_adjust_VN_231121 (15038640710),United States,31,0.0,8.442400000000001,27,9.1013
485,adwords,4w_MTD_V1_adjust_VN_231121 (15038640710),Uruguay,1,0.0,0.0221,1,0.0221
486,adwords,4w_MTD_V1_adjust_VN_231121 (15038640710),Uzbekistan,1,0.0,0.0169,1,0.0169
487,adwords,4w_MTD_V1_adjust_VN_231121 (15038640710),Viet Nam,44929,1708.7026000000005,1464.0214000000008,92,1542.4351
488,adwords,4w_MTD_V1_tier 3_060722 (17678614766),Brazil,6150,246.60490000000004,195.62539999999998,26,208.80759999999998
489,adwords,4w_MTD_V1_tier 3_060722 (17678614766),Canada,2,0.0,0.4516,1,0.4516
490,adwords,4w_MTD_V1_tier 3_060722 (17678614766),Colombia,1,0.0,0.0332,1,0.0332
491,adwords,4w_MTD_V1_tier 3_060722 (17678614766),France,1,0.0,0.0299,1,0.0368
492,adwords,4w_MTD_V1_tier 3_060722 (17678614766),Guatemala,1,0.0,0.0275,1,0.0275
493,adwords,4w_MTD_V1_tier 3_060722 (17678614766),Indonesia,5395,211.2991,147.53780000000003,26,156.53479999999996
494,adwords,4w_MTD_V1_tier 3_060722 (17678614766),Malaysia,2409,88.05730000000003,146.49129999999997,26,157.39190000000005
495,adwords,4w_MTD_V1_tier 3_060722 (17678614766),Mexico,4154,164.8175,124.52209999999998,26,132.37019999999998
496,adwords,4w_MTD_V1_tier 3_060722 (17678614766),Nepal,1,0.0,0.0019,1,0.0019
497,adwords,4w_MTD_V1_tier 3_060722 (17678614766),Paraguay,8,0.0,0.1531,8,0.1531
498,adwords,4w_MTD_V1_tier 3_060722 (17678614766),Portugal,54,1.6973999999999998,2.4440999999999993,26,2.614
499,adwords,4w_MTD_V1_tier 3_060722 (17678614766),Singapore,4,0.0,0.0842,4,0.0842
500,adwords,4w_MTD_V1_tier 3_060722 (17678614766),Ukraine,1,0.0,0.0077,1,0.0077
501,adwords,4w_MTD_V1_tier 3_060722 (17678614766),United Kingdom,2,0.0,0.0382,2,0.0382
502,adwords,4w_MTD_V1_tier 3_060722 (17678614766),United States,6,0.0,0.5381999999999999,6,0.5465999999999999
503,adwords,4w_MTD_V1_tier 3_060722 (17678614766),Uruguay,1,0.0,0.0147,1,0.0147
504,adwords,4w_MTD_V2_tier 3_3 session_040722 (17635334368),Brazil,10,6.032500000000001,0.1704,2,0.1704
505,adwords,4w_MTD_V2_tier 3_3 session_040722 (17635334368),Indonesia,13,5.1472999999999995,0.3913,2,0.4053
506,adwords,4w_MTD_V2_tier 3_3 session_040722 (17635334368),Malaysia,4,0.9287,0.5274,2,0.5274
507,adwords,4w_MTD_V2_tier 3_3 session_040722 (17635334368),Mexico,6,3.3849,0.3132,2,0.3132
508,adwords,4w_MTD_V2_tier 3_3 session_040722 (17635334368),Philippines,9,3.2893,0.25139999999999996,2,0.25139999999999996
509,adwords,4w_MTD_V2_tier 3_3 session_040722 (17635334368),Portugal,0,0.1759,0.0,2,0.0
510,adwords,E-lite_Test Merge defense  theme default_040521 (17147061299),Brazil,172,20.0536,5.729400000000001,8,6.4416
511,adwords,MTD_V2_Session2_VN_GP_03072022 (17656682336),United States,1,0.0,0.0274,1,0.0274
512,adwords,MTD_V2_Session2_VN_GP_03072022 (17656682336),Viet Nam,48,8.8277,1.183,8,1.2871000000000001
513,adwords,MTD_V2_Session3_GP_VN_03072022 (17656746416),Viet Nam,291,48.519600000000004,9.1462,9,9.5287
514,facebook,4W_MTD_Ger HK UK_091121 (23849610945150662),Germany,3,0.7500000000000003,0.3177,52,0.3177
515,facebook,4W_MTD_Ger HK UK_091121 (23849610945150662),Hong Kong,2,0.21999999999999995,0.1786,18,0.1786
516,facebook,4W_MTD_Ger HK UK_091121 (23849610945150662),Italy,1,0.0,0.0003,1,0.0003
517,facebook,4W_MTD_Ger HK UK_091121 (23849610945150662),United Kingdom,1,0.21000000000000002,0.3519,17,0.3519
518,facebook,4w_MTD_Tier 1_091121 (23849610583760662),Australia,1,0.24000000000000002,0.0017,14,0.0017
519,facebook,4w_MTD_Tier 1_091121 (23849610583760662),Canada,1,0.28,0.0816,21,0.0816
520,facebook,4w_MTD_Tier 1_091121 (23849610583760662),South Korea,3,0.6700000000000004,1.3864999999999998,37,1.3864999999999998
521,facebook,4w_MTD_Tier 1_091121 (23849610583760662),"Taiwan, Province Of China",10,3.6999999999999953,2.4658999999999995,76,2.4658999999999995
522,facebook,4w_MTD_tier 3_091121 (23849609814030662),Greece,2,0.2700000000000001,0.0298,16,0.0298
523,facebook,4w_MTD_tier 3_091121 (23849609814030662),Israel,2,0.19,0.0097,14,0.0097
524,facebook,4w_MTD_tier 3_091121 (23849609814030662),Jordan,1,0.0,0.0204,1,0.0204
525,facebook,4w_MTD_tier 3_091121 (23849609814030662),Malaysia,0,0.06999999999999999,0.0,5,0.0
526,facebook,4w_MTD_tier 3_091121 (23849609814030662),Saudi Arabia,4,0.23000000000000004,0.9446000000000001,21,1.2142
527,facebook,4w_MTD_tier 3_091121 (23849609814030662),Thailand,7,0.3800000000000001,0.19319999999999998,19,0.19329999999999997
528,facebook,4w_MTD_tier 3_091121 (23849609814030662),Viet Nam,93,5.709999999999989,4.882300000000001,69,5.070200000000001
529,facebook,4w_MTD_tier 5_091121 (23849610128580662),Argentina,8,0.3794000000000001,0.2515,21,0.2657
530,facebook,4w_MTD_tier 5_091121 (23849610128580662),Egypt,312,8.821299999999987,6.782,75,7.361199999999999
531,facebook,4w_MTD_tier 5_091121 (23849610128580662),Latvia,1,0.0,0.014,1,0.014
532,facebook,4w_MTD_tier 5_091121 (23849610128580662),Lithuania,1,0.0,0.3221,1,0.366
533,facebook,4w_MTD_tier 5_091121 (23849610128580662),Moldova,1,0.0,0.0379,1,0.0447
534,facebook,4w_MTD_tier 5_091121 (23849610128580662),Panama,2,0.060000000000000005,0.1379,7,0.1379
535,facebook,4w_MTD_tier 5_091121 (23849610128580662),Peru,21,0.4285000000000001,0.7919,21,0.8617999999999999
536,facebook,4w_MTD_tier 5_091121 (23849610128580662),Poland,1,0.0,0.0082,1,0.0082
537,facebook,4w_MTD_tier 5_091121 (23849610128580662),Saudi Arabia,1,0.0,0.0743,1,0.0743
538,facebook,4w_MTD_tier 5_091121 (23849610128580662),Slovakia,1,0.0,0.2409,1,0.2409
539,facebook,4w_MTD_tier 5_091121 (23849610128580662),Ukraine,193,5.140799999999994,4.933400000000001,73,5.1800999999999995
540,facebook,4w_MTD_tier 5_091121 (23849610128580662),United States,1,0.0,1.1172,1,1.1172
541,facebook,4w_MTD_tier4_091121 (23849609858390662),Brazil,9,0.3100000000000001,0.1549,32,0.1549
542,facebook,4w_MTD_tier4_091121 (23849609858390662),Indonesia,68,3.1499999999999955,1.7503000000000006,72,1.9255000000000007
543,facebook,4w_MTD_tier4_091121 (23849609858390662),"Iran, Islamic Republic Of",1,0.0,0.0,1,0.0
544,facebook,4w_MTD_tier4_091121 (23849609858390662),Jordan,1,0.0,0.0331,1,0.0331
545,facebook,4w_MTD_tier4_091121 (23849609858390662),Latvia,0,0.04,0.0,4,0.0
546,facebook,4w_MTD_tier4_091121 (23849609858390662),Mexico,8,0.2900000000000001,0.24659999999999999,22,0.24659999999999999
547,facebook,4w_MTD_tier4_091121 (23849609858390662),Oman,10,0.4300000000000001,0.41159999999999997,32,0.4417
548,facebook,4w_MTD_tier4_091121 (23849609858390662),Philippines,9,0.4500000000000002,0.126,29,0.13010000000000002
549,facebook,4w_MTD_tier4_091121 (23849609858390662),Poland,0,0.07,0.0,7,0.0
550,facebook,4w_MTD_tier4_091121 (23849609858390662),Portugal,2,0.03,0.0412,5,0.0412
551,facebook,4w_MTD_tier4_091121 (23849609858390662),Romania,5,0.2700000000000001,0.2178,22,0.2178
552,facebook,4w_MTD_tier4_091121 (23849609858390662),Slovakia,3,0.11999999999999998,0.0319,13,0.089
553,facebook,4w_MTD_tier4_091121 (23849609858390662),Turkey,225,8.589999999999995,6.655800000000002,89,6.910500000000001
554,facebook,4w_MTD_tier4_091121 (23849609858390662),Ukraine,1,0.0,0.0,1,0.0015
555,mintegral,ss_MTD_AI_Tier1Asia_081121,Cambodia,1,0.0,0.1376,1,0.1376
556,mintegral,ss_MTD_AI_Tier1Asia_081121,France,1,0.0,0.1025,1,0.1025
557,mintegral,ss_MTD_AI_Tier1Asia_081121,Hong Kong,49,6.160000000000002,14.821100000000001,30,15.838899999999999
558,mintegral,ss_MTD_AI_Tier1Asia_081121,"Iran, Islamic Republic Of",3,0.0,0.0003,2,0.0003
559,mintegral,ss_MTD_AI_Tier1Asia_081121,Japan,1794,583.1900000000002,888.2317000000003,92,967.4872000000003
560,mintegral,ss_MTD_AI_Tier1Asia_081121,Myanmar,1,0.0,0.3095,1,0.3095
561,mintegral,ss_MTD_AI_Tier1Asia_081121,Philippines,1,0.0,0.1404,1,0.1404
562,mintegral,ss_MTD_AI_Tier1Asia_081121,South Korea,1102,279.21000000000004,369.44520000000006,89,406.5861
563,mintegral,ss_MTD_AI_Tier1Asia_081121,"Taiwan, Province Of China",506,99.23999999999998,159.78779999999998,92,171.84869999999992
564,mintegral,ss_MTD_AI_Tier1Asia_081121,United States,2,0.0,1.0971,2,1.0971
565,mintegral,ss_MTD_AI_Tier1EUNA_081121,Australia,17,1.24,5.363400000000001,15,5.725000000000001
566,mintegral,ss_MTD_AI_Tier1EUNA_081121,Austria,8,0.14,0.6255000000000001,6,1.1199999999999999
567,mintegral,ss_MTD_AI_Tier1EUNA_081121,Canada,154,31.16,63.13120000000002,60,71.303
568,mintegral,ss_MTD_AI_Tier1EUNA_081121,Denmark,4,0.14,1.2568000000000001,4,1.2572999999999999
569,mintegral,ss_MTD_AI_Tier1EUNA_081121,France,1473,132.25,205.99560000000005,92,224.99099999999999
570,mintegral,ss_MTD_AI_Tier1EUNA_081121,French Guiana,1,0.0,0.0332,1,0.0332
571,mintegral,ss_MTD_AI_Tier1EUNA_081121,Germany,2745,411.97999999999996,549.9652,92,589.6208000000001
572,mintegral,ss_MTD_AI_Tier1EUNA_081121,Guadeloupe,2,0.0,0.057300000000000004,2,0.057300000000000004
573,mintegral,ss_MTD_AI_Tier1EUNA_081121,India,1,0.0,0.0421,1,0.0421
574,mintegral,ss_MTD_AI_Tier1EUNA_081121,"Iran, Islamic Republic Of",38,0.0,0.31470000000000004,21,0.31470000000000004
575,mintegral,ss_MTD_AI_Tier1EUNA_081121,Iraq,4,0.0,0.0901,4,0.23020000000000002
576,mintegral,ss_MTD_AI_Tier1EUNA_081121,Kazakhstan,1,0.0,0.0649,1,0.0649
577,mintegral,ss_MTD_AI_Tier1EUNA_081121,Martinique,1,0.0,0.0412,1,0.0412
578,mintegral,ss_MTD_AI_Tier1EUNA_081121,Moldova,1,0.0,0.0666,1,0.6244
579,mintegral,ss_MTD_AI_Tier1EUNA_081121,Netherlands,1,0.0,0.1987,1,0.1987
580,mintegral,ss_MTD_AI_Tier1EUNA_081121,Norway,10,0.44999999999999996,3.1583999999999994,10,3.5824
581,mintegral,ss_MTD_AI_Tier1EUNA_081121,Poland,3,0.0,0.4502,3,0.45730000000000004
582,mintegral,ss_MTD_AI_Tier1EUNA_081121,Reunion,2,0.0,0.1108,2,0.1108
583,mintegral,ss_MTD_AI_Tier1EUNA_081121,Russia,9,0.0,0.4700000000000001,8,0.5193000000000001
584,mintegral,ss_MTD_AI_Tier1EUNA_081121,Saudi Arabia,2,0.0,0.18819999999999998,2,0.18819999999999998
585,mintegral,ss_MTD_AI_Tier1EUNA_081121,Singapore,1,0.0,0.1832,1,0.1832
586,mintegral,ss_MTD_AI_Tier1EUNA_081121,Sweden,16,0.14,4.602499999999999,14,4.7286
587,mintegral,ss_MTD_AI_Tier1EUNA_081121,Switzerland,1,0.16,0.0295,1,0.0295
588,mintegral,ss_MTD_AI_Tier1EUNA_081121,Ukraine,3,0.0,0.1195,3,0.1268
589,mintegral,ss_MTD_AI_Tier1EUNA_081121,United Kingdom,71,2.39,21.0855,41,23.015200000000004
590,mintegral,ss_MTD_AI_Tier1EUNA_081121,United States,7,0.0,1.7177,6,1.7177
591,mintegral,ss_MTD_AI_Tier1EUNA_081121,Uzbekistan,2,0.0,0.0295,2,0.0295
592,mintegral,ss_MTD_AI_Tier1EUNA_081121,Viet Nam,1,0.0,0.0066,1,0.0066
593,mintegral,ss_MTD_AI_Tier3_081121,Argentina,924,13.14,24.243799999999993,91,25.9292
594,mintegral,ss_MTD_AI_Tier3_081121,Brazil,4071,74.7,181.6681,92,197.7377999999999
595,mintegral,ss_MTD_AI_Tier3_081121,Bulgaria,1,0.0,0.0013,1,0.0013
596,mintegral,ss_MTD_AI_Tier3_081121,Cambodia,1,0.0,0.03,1,0.0327
597,mintegral,ss_MTD_AI_Tier3_081121,Czech Republic,1,0.0,0.0074,1,0.0074
598,mintegral,ss_MTD_AI_Tier3_081121,France,14,0.0,0.9040999999999999,13,0.9173999999999999
599,mintegral,ss_MTD_AI_Tier3_081121,Germany,9,0.0,0.7126000000000001,9,0.7381
600,mintegral,ss_MTD_AI_Tier3_081121,Indonesia,6844,99.07999999999998,227.9560000000001,92,246.6854
601,mintegral,ss_MTD_AI_Tier3_081121,Italy,1,0.0,0.0362,1,0.0362
602,mintegral,ss_MTD_AI_Tier3_081121,Japan,2,0.0,0.2369,2,0.2369
603,mintegral,ss_MTD_AI_Tier3_081121,Kazakhstan,9,0.0,0.13979999999999998,9,0.14579999999999999
604,mintegral,ss_MTD_AI_Tier3_081121,Luxembourg,1,0.0,0.015,1,0.015
605,mintegral,ss_MTD_AI_Tier3_081121,Malaysia,5258,146.23,336.3141,92,362.954
606,mintegral,ss_MTD_AI_Tier3_081121,Mexico,22,0.03,0.9802999999999998,15,1.0650999999999997
607,mintegral,ss_MTD_AI_Tier3_081121,Myanmar,1,0.0,0.0031,1,0.0031
608,mintegral,ss_MTD_AI_Tier3_081121,Netherlands,5,0.0,1.1625999999999999,4,1.1797
609,mintegral,ss_MTD_AI_Tier3_081121,Philippines,6554,91.24000000000002,231.77819999999988,92,248.27539999999996
610,mintegral,ss_MTD_AI_Tier3_081121,Poland,3443,121.51999999999998,193.52169999999998,92,214.25059999999993
611,mintegral,ss_MTD_AI_Tier3_081121,Portugal,23,0.08,0.9743,16,1.0495
612,mintegral,ss_MTD_AI_Tier3_081121,Romania,473,8.280000000000005,20.78209999999999,90,22.4777
613,mintegral,ss_MTD_AI_Tier3_081121,Russia,30347,691.06,986.9171,92,1065.2131000000002
614,mintegral,ss_MTD_AI_Tier3_081121,Saudi Arabia,1,0.0,0.0957,1,0.0957
615,mintegral,ss_MTD_AI_Tier3_081121,Singapore,1,0.0,0.0233,1,0.0233
616,mintegral,ss_MTD_AI_Tier3_081121,Sweden,1,0.0,0.0486,1,0.0654
617,mintegral,ss_MTD_AI_Tier3_081121,Thailand,6020,212.31999999999994,274.0502,92,302.15510000000006
618,mintegral,ss_MTD_AI_Tier3_081121,Ukraine,223,0.0,3.5549000000000004,69,3.7306000000000004
619,mintegral,ss_MTD_AI_Tier3_081121,United Kingdom,3,0.0,0.2559,3,0.2583
620,mintegral,ss_MTD_AI_Tier3_081121,United States,9,0.0,1.7804000000000002,8,1.79
621,mintegral,ss_MTD_AI_Tier3_081121,Uzbekistan,1,0.0,0.0043,1,0.0043
622,mintegral,ss_MTD_AI_Tier3_081121,Viet Nam,8451,136.01999999999998,272.7634,92,292.60009999999994
623,mintegral,ss_MTD_AI_US_081121,American Samoa,10,0.0,1.6267,9,1.6462999999999999
624,mintegral,ss_MTD_AI_US_081121,Antigua And Barbuda,1,0.0,0.1195,1,0.1195
625,mintegral,ss_MTD_AI_US_081121,Argentina,1,0.0,0.0872,1,0.0872
626,mintegral,ss_MTD_AI_US_081121,Brazil,6,0.0,0.7951,5,0.8924999999999998
627,mintegral,ss_MTD_AI_US_081121,Canada,7,0.0,1.6303,7,1.6318000000000001
628,mintegral,ss_MTD_AI_US_081121,China,1,0.0,0.0002,1,0.0002
629,mintegral,ss_MTD_AI_US_081121,Curacao,1,0.0,0.1261,1,0.1261
630,mintegral,ss_MTD_AI_US_081121,France,2,0.0,0.4127,1,0.4187
631,mintegral,ss_MTD_AI_US_081121,Germany,1,0.0,0.1049,1,0.1049
632,mintegral,ss_MTD_AI_US_081121,India,4,0.0,0.0391,4,0.0391
633,mintegral,ss_MTD_AI_US_081121,Indonesia,2,0.0,0.1044,2,0.1572
634,mintegral,ss_MTD_AI_US_081121,"Iran, Islamic Republic Of",8,0.0,0.5303,8,0.6819999999999999
635,mintegral,ss_MTD_AI_US_081121,Iraq,19,0.0,2.9431000000000003,12,2.9937000000000005
636,mintegral,ss_MTD_AI_US_081121,Kazakhstan,7,0.0,0.9259999999999999,7,0.9456
637,mintegral,ss_MTD_AI_US_081121,Lebanon,1,0.0,0.0179,1,0.0179
638,mintegral,ss_MTD_AI_US_081121,Malaysia,1,0.0,0.0073,1,0.0073
639,mintegral,ss_MTD_AI_US_081121,Myanmar,3,0.0,0.2728,3,0.2728
640,mintegral,ss_MTD_AI_US_081121,Netherlands,6,0.0,0.5765,6,0.5968
641,mintegral,ss_MTD_AI_US_081121,Pakistan,1,0.0,0.1964,1,0.1964
642,mintegral,ss_MTD_AI_US_081121,Philippines,1,0.0,0.1242,1,0.1242
643,mintegral,ss_MTD_AI_US_081121,Puerto Rico,1,0.0,0.3687,1,0.3687
644,mintegral,ss_MTD_AI_US_081121,Russia,4,0.0,0.415,3,0.41509999999999997
645,mintegral,ss_MTD_AI_US_081121,Singapore,1,0.0,0.0765,1,0.0765
646,mintegral,ss_MTD_AI_US_081121,Spain,2,0.0,0.07600000000000001,2,0.07600000000000001
647,mintegral,ss_MTD_AI_US_081121,Sweden,1,0.0,0.0327,1,0.0327
648,mintegral,ss_MTD_AI_US_081121,Tunisia,1,0.0,0.0469,1,0.0492
649,mintegral,ss_MTD_AI_US_081121,Turkey,1,0.0,0.1723,1,0.1723
650,mintegral,ss_MTD_AI_US_081121,Ukraine,1,0.0,0.1937,1,0.1937
651,mintegral,ss_MTD_AI_US_081121,United Kingdom,8,0.0,1.8387000000000002,7,1.9433000000000002
652,mintegral,ss_MTD_AI_US_081121,United States,6781,1329.3200000000002,3408.8493999999996,82,3682.3856999999994
653,mintegral,ss_MTD_AI_US_081121,Uzbekistan,1,0.0,0.0012,1,0.0012
654,mintegral,ss_MTD_AI_US_081121,Viet Nam,1,0.0,0.007,1,0.007
655,mintegral,ss_MTD_AI_tier2_081121,Belgium,206,8.25,25.233299999999996,63,27.21100000000001
656,mintegral,ss_MTD_AI_tier2_081121,Italy,206,0.9100000000000001,13.434899999999995,52,14.420499999999999
657,mintegral,ss_MTD_AI_tier2_081121,Myanmar,1,0.0,0.0,1,0.0
658,mintegral,ss_MTD_AI_tier2_081121,Singapore,7,0.15,0.5979,7,0.751
659,mintegral,ss_MTD_AI_tier2_081121,Spain,173,1.2600000000000005,12.495299999999995,54,13.868299999999996
660,tiktok,MTD_AI_Tier 3 EU NA_081121 (1715846864799794),Mexico,2,0.16,0.0834,2,0.0834
661,tiktok,MTD_AI_Tier 3 EU NA_081121 (1715846864799794),Turkey,1,0.06,0.0016,1,0.0016
662,tiktok,MTD_AI_tier 3 Asia_081121 (1715844955257873),Indonesia,0,0.02,0.0,1,0.0
663,tiktok,MTD_AI_tier 3 Asia_081121 (1715844955257873),Malaysia,0,0.01,0.0,1,0.0
664,tiktok,MTD_AI_tier 3 Asia_081121 (1715844955257873),Philippines,0,0.02,0.0,1,0.0
665,tiktok,MTD_AI_tier 3 Asia_081121 (1715844955257873),Thailand,0,0.01,0.0,1,0.0
666,tiktok,MTD_AI_tier 3 Asia_081121 (1715844955257873),Viet Nam,2,0.03,0.0625,1,0.0625
667,tiktok,MTD_BR_AI_200521 (1733317449769010),"Bolivia, Plurinational State Of",2,0.0,0.009399999999999999,2,0.009399999999999999
668,tiktok,MTD_BR_AI_200521 (1733317449769010),Brazil,1523,109.29000000000002,64.12879999999998,73,67.88139999999999
669,tiktok,MTD_BR_AI_200521 (1733317449769010),Portugal,1,0.0,0.025,1,0.025
670,tiktok,MTD_Indo_AI_200521 (1733319282061313),Germany,1,0.0,0.0,1,0.0
671,tiktok,MTD_Indo_AI_200521 (1733319282061313),Indonesia,3036,128.75,81.39439999999999,73,84.4941
672,tiktok,MTD_Indo_AI_200521 (1733319282061313),Malaysia,1,0.0,0.0164,1,0.0164
673,tiktok,MTD_MX_AI_200521 (1733317652783106),Mexico,1444,99.12999999999997,63.563600000000015,73,67.05849999999998
674,tiktok,MTD_MX_AI_200521 (1733317652783106),United States,1,0.0,0.1934,1,0.1934
675,tiktok,MTD_PHI_AI_20521 (1733318056695826),Philippines,1398,77.43000000000002,50.1256,16,51.99529999999999
676,tiktok,MTD_PHI_AI_20521 (1733318056695826),United States,1,0.0,0.5271,1,0.5272
677,tiktok,MTD_THAI_200521 (1733318513625170),Myanmar,3,0.0,0.0515,3,0.0579
678,tiktok,MTD_THAI_200521 (1733318513625170),Thailand,1357,107.71000000000001,75.70369999999998,73,78.7793
679,tiktok,MTD_US_200521 (1733316137003058),United States,26,22.859999999999992,15.191899999999999,54,15.218499999999999
680,tiktok,MTD_VN_AI_200521 (1733317049146370),Cambodia,1,0.0,0.0197,1,0.0197
681,tiktok,MTD_VN_AI_200521 (1733317049146370),Viet Nam,3802,244.07,161.28680000000006,73,168.28549999999996
682,unity_ads,CPI_Po POR TUR_02112021 (6180a3e0e070a04e66236fa0),Poland,23,0.0,1.1585999999999999,4,1.1886
683,unity_ads,CPI_Po POR TUR_02112021 (6180a3e0e070a04e66236fa0),Turkey,70,0.0,1.9552,6,2.2067
684,unity_ads,CPI_Tier 1 Asia _211021 (61710a8f59a7bfea9d50272b),Hong Kong,3,0.0,0.6105,2,0.6105
685,unity_ads,CPI_Tier 1 Asia _211021 (61710a8f59a7bfea9d50272b),Japan,3,0.0,0.8469,2,0.8469
686,unity_ads,CPI_Tier 1 Asia _211021 (61710a8f59a7bfea9d50272b),South Korea,20,0.0,4.9761,4,5.3699
687,unity_ads,CPI_Tier 1 Asia _211021 (61710a8f59a7bfea9d50272b),"Taiwan, Province Of China",9,0.0,1.3685,4,1.3685
688,unity_ads,CPI_Tier 1 EU NA _211021 (61710b0938d59b9fd3fc26e6),Australia,90,12.139999999999997,37.03589999999999,57,40.537499999999994
689,unity_ads,CPI_Tier 1 EU NA _211021 (61710b0938d59b9fd3fc26e6),Austria,40,2.6999999999999997,9.2381,29,10.184399999999998
690,unity_ads,CPI_Tier 1 EU NA _211021 (61710b0938d59b9fd3fc26e6),Canada,15,0.36,6.1888,13,6.5227
691,unity_ads,CPI_Tier 1 EU NA _211021 (61710b0938d59b9fd3fc26e6),Denmark,46,2.7199999999999998,9.6929,32,9.9207
692,unity_ads,CPI_Tier 1 EU NA _211021 (61710b0938d59b9fd3fc26e6),Finland,113,6.240000000000002,18.021599999999996,60,20.217699999999997
693,unity_ads,CPI_Tier 1 EU NA _211021 (61710b0938d59b9fd3fc26e6),France,194,5.04,26.444900000000004,71,29.145400000000006
694,unity_ads,CPI_Tier 1 EU NA _211021 (61710b0938d59b9fd3fc26e6),Germany,425,20.360000000000007,79.78779999999999,84,85.79509999999999
695,unity_ads,CPI_Tier 1 EU NA _211021 (61710b0938d59b9fd3fc26e6),Hong Kong,163,22.750000000000004,42.508700000000005,70,48.694700000000005
696,unity_ads,CPI_Tier 1 EU NA _211021 (61710b0938d59b9fd3fc26e6),"Iran, Islamic Republic Of",31,0.0,0.7979999999999998,25,0.7979999999999998
697,unity_ads,CPI_Tier 1 EU NA _211021 (61710b0938d59b9fd3fc26e6),Iraq,2,0.0,0.607,2,0.607
698,unity_ads,CPI_Tier 1 EU NA _211021 (61710b0938d59b9fd3fc26e6),Japan,59,1.29,23.926800000000004,25,29.919300000000003
699,unity_ads,CPI_Tier 1 EU NA _211021 (61710b0938d59b9fd3fc26e6),Norway,22,1.4999999999999998,4.072,21,4.608599999999999
700,unity_ads,CPI_Tier 1 EU NA _211021 (61710b0938d59b9fd3fc26e6),South Korea,865,88.12999999999998,275.40209999999996,89,293.64660000000003
701,unity_ads,CPI_Tier 1 EU NA _211021 (61710b0938d59b9fd3fc26e6),Sweden,21,1.2000000000000002,5.057300000000001,18,5.3486
702,unity_ads,CPI_Tier 1 EU NA _211021 (61710b0938d59b9fd3fc26e6),Switzerland,17,1.02,6.661000000000001,16,7.139099999999999
703,unity_ads,CPI_Tier 1 EU NA _211021 (61710b0938d59b9fd3fc26e6),"Taiwan, Province Of China",464,34.41,156.99030000000002,85,170.8442
704,unity_ads,CPI_Tier 1 EU NA _211021 (61710b0938d59b9fd3fc26e6),Turkey,2,0.0,0.0025,2,0.0025
705,unity_ads,CPI_Tier 1 EU NA _211021 (61710b0938d59b9fd3fc26e6),Ukraine,1,0.0,0.0018,1,0.0018
706,unity_ads,CPI_Tier 1 EU NA _211021 (61710b0938d59b9fd3fc26e6),United Kingdom,142,16.75,33.08440000000001,70,35.058400000000006
707,unity_ads,CPI_Tier 1 EU NA _211021 (61710b0938d59b9fd3fc26e6),United States,63,32.4,21.345399999999998,19,23.296100000000003
708,unity_ads,CPI_Tier 2 + 3_200421 (625fd693ca8fb5468f5f3bd3),Argentina,32,0.26,0.8126,26,1.0545
709,unity_ads,CPI_Tier 2 + 3_200421 (625fd693ca8fb5468f5f3bd3),Belgium,6,0.22,0.6222000000000001,6,0.6899000000000001
710,unity_ads,CPI_Tier 2 + 3_200421 (625fd693ca8fb5468f5f3bd3),Brazil,80,0.6799999999999999,3.8701000000000003,46,4.037599999999999
711,unity_ads,CPI_Tier 2 + 3_200421 (625fd693ca8fb5468f5f3bd3),Germany,1,0.0,0.0225,1,0.0262
712,unity_ads,CPI_Tier 2 + 3_200421 (625fd693ca8fb5468f5f3bd3),Hong Kong,1,0.0,0.3952,1,0.3952
713,unity_ads,CPI_Tier 2 + 3_200421 (625fd693ca8fb5468f5f3bd3),Indonesia,4115,30.9,156.17249999999996,92,165.52689999999996
714,unity_ads,CPI_Tier 2 + 3_200421 (625fd693ca8fb5468f5f3bd3),Italy,14,0.36,1.1651,13,1.2376000000000003
715,unity_ads,CPI_Tier 2 + 3_200421 (625fd693ca8fb5468f5f3bd3),Malaysia,295,2.9500000000000006,19.189500000000002,78,21.112499999999997
716,unity_ads,CPI_Tier 2 + 3_200421 (625fd693ca8fb5468f5f3bd3),Mexico,195,2.600000000000001,7.845400000000001,72,8.195599999999999
717,unity_ads,CPI_Tier 2 + 3_200421 (625fd693ca8fb5468f5f3bd3),Netherlands,1,0.0,0.2685,1,0.2685
718,unity_ads,CPI_Tier 2 + 3_200421 (625fd693ca8fb5468f5f3bd3),Philippines,1178,14.659999999999998,56.2687,92,60.324099999999994
719,unity_ads,CPI_Tier 2 + 3_200421 (625fd693ca8fb5468f5f3bd3),Poland,451,8.399999999999999,26.940899999999992,87,29.172499999999996
720,unity_ads,CPI_Tier 2 + 3_200421 (625fd693ca8fb5468f5f3bd3),Portugal,18,0.43999999999999995,0.9214999999999999,14,0.9317999999999999
721,unity_ads,CPI_Tier 2 + 3_200421 (625fd693ca8fb5468f5f3bd3),Romania,977,16.330000000000002,41.11799999999999,92,44.872600000000006
722,unity_ads,CPI_Tier 2 + 3_200421 (625fd693ca8fb5468f5f3bd3),Russia,3137,33.32,102.13179999999997,92,110.42839999999998
723,unity_ads,CPI_Tier 2 + 3_200421 (625fd693ca8fb5468f5f3bd3),Singapore,1,0.0,0.0069,1,0.0069
724,unity_ads,CPI_Tier 2 + 3_200421 (625fd693ca8fb5468f5f3bd3),Spain,64,0.7000000000000002,3.6226000000000007,40,4.0554000000000014
725,unity_ads,CPI_Tier 2 + 3_200421 (625fd693ca8fb5468f5f3bd3),Thailand,436,2.4400000000000004,23.99710000000002,79,25.75030000000001
726,unity_ads,CPI_Tier 2 + 3_200421 (625fd693ca8fb5468f5f3bd3),Turkey,735,7.32,26.701499999999992,88,29.582400000000007
727,unity_ads,CPI_Tier 2 + 3_200421 (625fd693ca8fb5468f5f3bd3),Ukraine,104,0.4000000000000001,2.847099999999999,56,2.9518000000000004
728,unity_ads,CPI_Tier 2 + 3_200421 (625fd693ca8fb5468f5f3bd3),United Kingdom,1,0.0,0.1225,1,0.1225
729,unity_ads,CPI_Tier 2 + 3_200421 (625fd693ca8fb5468f5f3bd3),United States,3,0.0,0.2972,3,0.3334
730,unity_ads,CPI_Tier 2 + 3_200421 (625fd693ca8fb5468f5f3bd3),Viet Nam,7135,100.38999999999999,317.2890000000001,92,337.424
731,unity_ads,CPI_tier 4_161021 (616a819f7a7faf3d08420401),Afghanistan,2,0.01,0.0162,2,0.0162
732,unity_ads,CPI_tier 4_161021 (616a819f7a7faf3d08420401),Albania,30,0.10999999999999999,0.48210000000000003,27,0.5104999999999998
733,unity_ads,CPI_tier 4_161021 (616a819f7a7faf3d08420401),Algeria,242,0.9400000000000003,3.6974000000000005,80,3.819599999999999
734,unity_ads,CPI_tier 4_161021 (616a819f7a7faf3d08420401),Antigua And Barbuda,1,0.0,0.0068,1,0.0068
735,unity_ads,CPI_tier 4_161021 (616a819f7a7faf3d08420401),Armenia,153,1.0600000000000005,3.091300000000001,72,3.488600000000001
736,unity_ads,CPI_tier 4_161021 (616a819f7a7faf3d08420401),Aruba,2,0.02,0.2022,2,0.2022
737,unity_ads,CPI_tier 4_161021 (616a819f7a7faf3d08420401),Azerbaijan,151,0.44,2.9160999999999997,66,3.1499000000000006
738,unity_ads,CPI_tier 4_161021 (616a819f7a7faf3d08420401),Bangladesh,575,1.770000000000001,7.6043,92,8.3853
739,unity_ads,CPI_tier 4_161021 (616a819f7a7faf3d08420401),Belarus,1285,5.4,34.289799999999985,92,37.560399999999994
740,unity_ads,CPI_tier 4_161021 (616a819f7a7faf3d08420401),Belize,2,0.01,0.0201,2,0.0201
741,unity_ads,CPI_tier 4_161021 (616a819f7a7faf3d08420401),Bhutan,8,0.01,0.1787,9,0.1816
742,unity_ads,CPI_tier 4_161021 (616a819f7a7faf3d08420401),"Bolivia, Plurinational State Of",22,0.11999999999999997,0.6868,18,0.7508
743,unity_ads,CPI_tier 4_161021 (616a819f7a7faf3d08420401),Bosnia & Herzegovina,17,0.09999999999999999,0.2718,13,0.3582000000000001
744,unity_ads,CPI_tier 4_161021 (616a819f7a7faf3d08420401),Botswana,1,0.0,0.0248,1,0.0308
745,unity_ads,CPI_tier 4_161021 (616a819f7a7faf3d08420401),Brunei Darussalam,57,0.42000000000000015,1.3728999999999993,45,1.4393999999999996
746,unity_ads,CPI_tier 4_161021 (616a819f7a7faf3d08420401),Bulgaria,74,0.6800000000000002,2.5867999999999998,47,2.7266000000000004
747,unity_ads,CPI_tier 4_161021 (616a819f7a7faf3d08420401),Cambodia,569,3.100000000000001,14.352099999999998,91,15.502199999999998
748,unity_ads,CPI_tier 4_161021 (616a819f7a7faf3d08420401),Cameroon,1,0.0,0.0096,1,0.0096
749,unity_ads,CPI_tier 4_161021 (616a819f7a7faf3d08420401),Canada,1,0.0,0.1528,1,0.1528
750,unity_ads,CPI_tier 4_161021 (616a819f7a7faf3d08420401),Colombia,56,0.5200000000000001,1.7032000000000003,45,1.9491000000000003
751,unity_ads,CPI_tier 4_161021 (616a819f7a7faf3d08420401),Costa Rica,52,0.5,1.5718999999999999,36,1.7368999999999999
752,unity_ads,CPI_tier 4_161021 (616a819f7a7faf3d08420401),Croatia,26,0.25999999999999995,1.4383,19,1.4966999999999997
753,unity_ads,CPI_tier 4_161021 (616a819f7a7faf3d08420401),Czech Republic,13,0.16,1.0132,12,1.0132
754,unity_ads,CPI_tier 4_161021 (616a819f7a7faf3d08420401),Dominica,2,0.01,0.016800000000000002,2,0.016800000000000002
755,unity_ads,CPI_tier 4_161021 (616a819f7a7faf3d08420401),Dominican Republic,206,1.2800000000000002,4.343999999999998,82,4.824300000000002
756,unity_ads,CPI_tier 4_161021 (616a819f7a7faf3d08420401),Ecuador,351,2.640000000000001,8.392800000000003,89,9.823599999999997
757,unity_ads,CPI_tier 4_161021 (616a819f7a7faf3d08420401),Egypt,903,3.600000000000002,18.575499999999998,92,20.658700000000003
758,unity_ads,CPI_tier 4_161021 (616a819f7a7faf3d08420401),El Salvador,180,1.8200000000000007,3.3110000000000004,79,3.5504
759,unity_ads,CPI_tier 4_161021 (616a819f7a7faf3d08420401),Estonia,1,0.0,0.0233,1,0.0233
760,unity_ads,CPI_tier 4_161021 (616a819f7a7faf3d08420401),Fiji,3,0.02,0.1388,3,0.146
761,unity_ads,CPI_tier 4_161021 (616a819f7a7faf3d08420401),France,2,0.0,0.316,2,0.322
762,unity_ads,CPI_tier 4_161021 (616a819f7a7faf3d08420401),French Polynesia,2,0.01,0.1303,2,0.1303
763,unity_ads,CPI_tier 4_161021 (616a819f7a7faf3d08420401),Georgia,27,0.13,1.1667,23,1.3104999999999998
764,unity_ads,CPI_tier 4_161021 (616a819f7a7faf3d08420401),Greece,217,3.560000000000001,8.7444,82,9.572699999999998
765,unity_ads,CPI_tier 4_161021 (616a819f7a7faf3d08420401),Guadeloupe,1,0.0,0.0002,1,0.0002
766,unity_ads,CPI_tier 4_161021 (616a819f7a7faf3d08420401),Guatemala,29,0.16999999999999998,0.5253000000000001,26,0.598
767,unity_ads,CPI_tier 4_161021 (616a819f7a7faf3d08420401),Guinea,1,0.0,0.03,1,0.0343
768,unity_ads,CPI_tier 4_161021 (616a819f7a7faf3d08420401),Guyana,4,0.04,0.1271,3,0.1357
769,unity_ads,CPI_tier 4_161021 (616a819f7a7faf3d08420401),Honduras,28,0.13999999999999999,0.7253,21,0.7488
770,unity_ads,CPI_tier 4_161021 (616a819f7a7faf3d08420401),Hungary,8,0.12000000000000001,0.5659,8,0.6336999999999999
771,unity_ads,CPI_tier 4_161021 (616a819f7a7faf3d08420401),India,138,0.23000000000000004,2.8262,59,3.0359000000000003
772,unity_ads,CPI_tier 4_161021 (616a819f7a7faf3d08420401),Ireland,1,0.0,0.0369,1,0.0369
773,unity_ads,CPI_tier 4_161021 (616a819f7a7faf3d08420401),Israel,128,1.3500000000000005,12.649199999999999,70,14.091000000000003
774,unity_ads,CPI_tier 4_161021 (616a819f7a7faf3d08420401),Jamaica,40,0.26,0.8490999999999999,30,0.8496
775,unity_ads,CPI_tier 4_161021 (616a819f7a7faf3d08420401),Japan,1,0.0,0.3175,1,0.3203
776,unity_ads,CPI_tier 4_161021 (616a819f7a7faf3d08420401),Jordan,51,0.21000000000000005,0.8781000000000002,35,0.9445000000000002
777,unity_ads,CPI_tier 4_161021 (616a819f7a7faf3d08420401),Kazakhstan,2549,12.5,67.63,92,72.54260000000001
778,unity_ads,CPI_tier 4_161021 (616a819f7a7faf3d08420401),Kyrgyzstan,117,0.33000000000000007,1.9415000000000007,58,2.0614
779,unity_ads,CPI_tier 4_161021 (616a819f7a7faf3d08420401),Lao People's Democratic Republic,58,0.22999999999999995,0.9545999999999998,38,1.0314999999999999
780,unity_ads,CPI_tier 4_161021 (616a819f7a7faf3d08420401),Latvia,236,3.4000000000000012,9.444700000000003,83,10.494600000000002
781,unity_ads,CPI_tier 4_161021 (616a819f7a7faf3d08420401),Lebanon,66,0.30000000000000004,1.5742,44,1.6139999999999997
782,unity_ads,CPI_tier 4_161021 (616a819f7a7faf3d08420401),Libya,36,0.16999999999999998,0.4497,29,0.4944
783,unity_ads,CPI_tier 4_161021 (616a819f7a7faf3d08420401),Lithuania,362,5.240000000000001,19.582,88,21.289199999999994
784,unity_ads,CPI_tier 4_161021 (616a819f7a7faf3d08420401),"Macedonia, The Former Yugoslav Republic Of",117,0.9000000000000004,3.1394999999999986,66,3.466799999999999
785,unity_ads,CPI_tier 4_161021 (616a819f7a7faf3d08420401),Madagascar,1,0.01,0.0059,1,0.0059
786,unity_ads,CPI_tier 4_161021 (616a819f7a7faf3d08420401),Maldives,3,0.01,0.07200000000000001,3,0.07200000000000001
787,unity_ads,CPI_tier 4_161021 (616a819f7a7faf3d08420401),Mali,1,0.0,0.0062,1,0.0062
788,unity_ads,CPI_tier 4_161021 (616a819f7a7faf3d08420401),Marshall Islands,1,0.0,0.0177,1,0.0177
789,unity_ads,CPI_tier 4_161021 (616a819f7a7faf3d08420401),Moldova,40,0.10999999999999999,1.3655999999999997,33,1.4467999999999996
790,unity_ads,CPI_tier 4_161021 (616a819f7a7faf3d08420401),Mongolia,161,0.4700000000000001,2.8559,70,3.075200000000001
791,unity_ads,CPI_tier 4_161021 (616a819f7a7faf3d08420401),Montenegro,5,0.02,0.1276,5,0.1281
792,unity_ads,CPI_tier 4_161021 (616a819f7a7faf3d08420401),Morocco,62,0.25000000000000006,1.4436000000000004,43,1.4669000000000003
793,unity_ads,CPI_tier 4_161021 (616a819f7a7faf3d08420401),Myanmar,550,3.480000000000001,15.262700000000008,92,15.932500000000003
794,unity_ads,CPI_tier 4_161021 (616a819f7a7faf3d08420401),Namibia,1,0.0,0.0683,1,0.0683
795,unity_ads,CPI_tier 4_161021 (616a819f7a7faf3d08420401),Nepal,259,1.0100000000000002,3.906400000000001,80,4.105
796,unity_ads,CPI_tier 4_161021 (616a819f7a7faf3d08420401),Netherlands,1,0.0,1.4435,1,1.4435
797,unity_ads,CPI_tier 4_161021 (616a819f7a7faf3d08420401),Nicaragua,24,0.12000000000000001,0.4636000000000001,18,0.47820000000000007
798,unity_ads,CPI_tier 4_161021 (616a819f7a7faf3d08420401),Norway,1,0.0,0.0146,1,0.0146
799,unity_ads,CPI_tier 4_161021 (616a819f7a7faf3d08420401),Oman,113,1.26,3.9357999999999995,66,4.224600000000001
800,unity_ads,CPI_tier 4_161021 (616a819f7a7faf3d08420401),Pakistan,461,1.2500000000000004,8.5629,90,9.368700000000002
801,unity_ads,CPI_tier 4_161021 (616a819f7a7faf3d08420401),"Palestinian Territory, Occupied",758,4.58,12.6023,92,13.672000000000002
802,unity_ads,CPI_tier 4_161021 (616a819f7a7faf3d08420401),Panama,47,0.36,1.4642000000000002,33,1.7313999999999998
803,unity_ads,CPI_tier 4_161021 (616a819f7a7faf3d08420401),Paraguay,19,0.09999999999999999,0.39790000000000003,16,0.4645
804,unity_ads,CPI_tier 4_161021 (616a819f7a7faf3d08420401),Peru,128,0.6200000000000001,4.0726,60,4.6099
805,unity_ads,CPI_tier 4_161021 (616a819f7a7faf3d08420401),Reunion,5,0.04,0.1483,5,0.16910000000000003
806,unity_ads,CPI_tier 4_161021 (616a819f7a7faf3d08420401),Russia,2,0.0,0.025,2,0.025
807,unity_ads,CPI_tier 4_161021 (616a819f7a7faf3d08420401),Saudi Arabia,37,0.32,4.7459999999999996,28,5.4168
808,unity_ads,CPI_tier 4_161021 (616a819f7a7faf3d08420401),Senegal,1,0.01,0.024,1,0.024
809,unity_ads,CPI_tier 4_161021 (616a819f7a7faf3d08420401),Serbia,208,1.5400000000000005,6.290400000000002,83,6.930800000000002
810,unity_ads,CPI_tier 4_161021 (616a819f7a7faf3d08420401),Sierra Leone,1,0.0,0.066,1,0.066
811,unity_ads,CPI_tier 4_161021 (616a819f7a7faf3d08420401),Singapore,6,0.0,1.223,5,1.223
812,unity_ads,CPI_tier 4_161021 (616a819f7a7faf3d08420401),Slovakia,89,1.2600000000000002,4.470699999999999,56,4.725599999999998
813,unity_ads,CPI_tier 4_161021 (616a819f7a7faf3d08420401),Slovenia,1,0.01,0.0512,1,0.0515
814,unity_ads,CPI_tier 4_161021 (616a819f7a7faf3d08420401),Sri Lanka,5,0.03,0.1646,5,0.1646
815,unity_ads,CPI_tier 4_161021 (616a819f7a7faf3d08420401),Sudan,5,0.01,0.049600000000000005,5,0.049600000000000005
816,unity_ads,CPI_tier 4_161021 (616a819f7a7faf3d08420401),Suriname,2,0.0,0.0568,2,0.0568
817,unity_ads,CPI_tier 4_161021 (616a819f7a7faf3d08420401),Tajikistan,120,0.5800000000000001,2.1719,70,2.2266999999999997
818,unity_ads,CPI_tier 4_161021 (616a819f7a7faf3d08420401),Trinidad And Tobago,5,0.01,0.23729999999999998,5,0.23729999999999998
819,unity_ads,CPI_tier 4_161021 (616a819f7a7faf3d08420401),Tunisia,21,0.09,0.7402000000000001,19,0.7619
820,unity_ads,CPI_tier 4_161021 (616a819f7a7faf3d08420401),United States,6,0.0,0.7283999999999999,5,0.7299999999999999
821,unity_ads,CPI_tier 4_161021 (616a819f7a7faf3d08420401),Uruguay,10,0.060000000000000005,0.2814,9,0.28459999999999996
822,unity_ads,CPI_tier 4_161021 (616a819f7a7faf3d08420401),Uzbekistan,1577,7.7799999999999985,26.404200000000003,92,27.890300000000003
823,unity_ads,CPI_tier 4_161021 (616a819f7a7faf3d08420401),"Venezuela, Bolivarian Republic Of",32,0.18000000000000002,0.49799999999999994,25,0.5463
824,unity_ads,CPI_tier 4_161021 (616a819f7a7faf3d08420401),Yemen,3,0.0,0.028,3,0.028
825,unity_ads,CPI_tier 4_161021 (616a819f7a7faf3d08420401),Zambia,4,0.02,0.11860000000000001,4,0.1337
826,unity_ads,ROAS tier 1_210321 (62382d97c178061f1508c6d8),Canada,216,29.937400000000007,100.85759999999996,78,106.94679999999998
827,unity_ads,ROAS tier 1_210321 (62382d97c178061f1508c6d8),France,141,9.082999999999998,21.294300000000007,67,24.543399999999995
828,unity_ads,ROAS tier 1_210321 (62382d97c178061f1508c6d8),Germany,350,34.0166,76.6037,84,82.24479999999998
829,unity_ads,ROAS tier 1_210321 (62382d97c178061f1508c6d8),Hong Kong,85,13.592700000000002,32.815999999999995,50,36.785
830,unity_ads,ROAS tier 1_210321 (62382d97c178061f1508c6d8),"Iran, Islamic Republic Of",20,0.0,0.4537,16,0.45549999999999996
831,unity_ads,ROAS tier 1_210321 (62382d97c178061f1508c6d8),Japan,80,9.2981,43.264300000000006,41,48.687099999999994
832,unity_ads,ROAS tier 1_210321 (62382d97c178061f1508c6d8),Russia,1,0.0,0.0692,1,0.0692
833,unity_ads,ROAS tier 1_210321 (62382d97c178061f1508c6d8),South Korea,713,53.2365,294.8554999999999,91,324.55379999999985
834,unity_ads,ROAS tier 1_210321 (62382d97c178061f1508c6d8),Turkey,1,0.0,0.0776,1,0.0776
835,unity_ads,ROAS tier 1_210321 (62382d97c178061f1508c6d8),United Kingdom,268,23.5432,76.39030000000002,72,86.57320000000003
836,unity_ads,ROAS_Tier 2_241121 (619d9b85b4312a453ca0c2e5),Belgium,109,8.3592,14.921,58,15.676900000000002
837,unity_ads,ROAS_Tier 2_241121 (619d9b85b4312a453ca0c2e5),Indonesia,2,0.0,0.45089999999999997,2,0.45089999999999997
838,unity_ads,ROAS_Tier 2_241121 (619d9b85b4312a453ca0c2e5),Italy,374,11.566,28.239600000000003,89,31.293900000000008
839,unity_ads,ROAS_Tier 2_241121 (619d9b85b4312a453ca0c2e5),Myanmar,2,0.0,0.1849,2,0.1849
840,unity_ads,ROAS_Tier 2_241121 (619d9b85b4312a453ca0c2e5),Singapore,48,2.5373,12.2504,37,15.1404
841,unity_ads,ROAS_Tier 2_241121 (619d9b85b4312a453ca0c2e5),Spain,423,13.615300000000001,31.188399999999998,83,33.832800000000006
842,unity_ads,ROAS_US_210321 (619da2fce087585b42ec420f),Bangladesh,1,0.0,0.0092,1,0.0098
843,unity_ads,ROAS_US_210321 (619da2fce087585b42ec420f),Bulgaria,1,0.0,0.0221,1,0.0221
844,unity_ads,ROAS_US_210321 (619da2fce087585b42ec420f),Indonesia,1,0.0,0.3349,1,0.3349
845,unity_ads,ROAS_US_210321 (619da2fce087585b42ec420f),Mexico,1,0.0,0.4728,1,0.4728
846,unity_ads,ROAS_US_210321 (619da2fce087585b42ec420f),United States,1647,433.59530000000007,959.5082999999997,92,1039.2681
